ld_block	number_extracted	number_standardised	mean_snps_removed_by_reference_panel	number_imputed	significant_snps_imputed	significant_imputed_snps_filtered	number_finemapped	finemapped_per_imputed	num_finemap_failed	standardised_time_taken	imputed_time_taken	finemapped_time_taken
EUR/1/16103-1170341	1	1	0	0	NA	NA	0	NA	0	0	NaN	NaN
EUR/1/1170341-1730405	2	2	0	0	NA	NA	0	NA	0	0	NaN	NaN
EUR/1/1730405-3355587	1	1	0	0	NA	NA	0	NA	0	0	NaN	NaN
EUR/1/3355587-4320284	1	1	0	0	NA	NA	0	NA	0	0	NaN	NaN
EUR/1/4320284-5649773	0	0	NA	0	NA	NA	0	NA	0	NaN	NaN	NaN
EUR/1/5649773-7451118	2	2	0	0	NA	NA	0	NA	0	0	NaN	NaN
EUR/1/7451118-9307591	2	2	1075	1	103	13	2	3	0	1	11	30
EUR/1/9307591-11764185	1	1	3163	1	48	8	1	2	0	2	12	48
EUR/1/11764185-14394537	2	2	1536.5	1	59	7	0	5	0	1	13	525
EUR/1/14394537-15663423	1	1	0	0	NA	NA	0	NA	0	0	NaN	NaN
EUR/1/15663423-17857084	0	0	NA	0	NA	NA	0	NA	0	NaN	NaN	NaN
EUR/1/17857084-18578075	0	0	NA	0	NA	NA	0	NA	0	NaN	NaN	NaN
EUR/1/18578075-19736509	1	1	0	0	NA	NA	0	NA	0	0	NaN	NaN
EUR/1/19736509-21002467	0	0	NA	0	NA	NA	0	NA	0	NaN	NaN	NaN
EUR/1/21002467-22858108	0	0	NA	0	NA	NA	0	NA	0	NaN	NaN	NaN
EUR/1/22858108-24201011	2	2	706	1	115	20	2	4	0	0.5	6	111
EUR/1/24201011-28100360	3	3	1426	1	0	0	1	1	0	0.666666666666667	6	16
EUR/1/28100360-29690112	0	0	NA	0	NA	NA	0	NA	0	NaN	NaN	NaN
EUR/1/29690112-32045886	1	1	0	0	NA	NA	0	NA	0	0	NaN	NaN
EUR/1/32045886-37678016	2	2	0	0	NA	NA	0	NA	0	0	NaN	NaN
EUR/1/37678016-38448977	0	0	NA	0	NA	NA	0	NA	0	NaN	NaN	NaN
EUR/1/38448977-39735335	0	0	NA	0	NA	NA	0	NA	0	NaN	NaN	NaN
EUR/1/39735335-41145142	0	0	NA	0	NA	NA	0	NA	0	NaN	NaN	NaN
EUR/1/41145142-42450056	1	1	1472	1	45	5	1	1	0	1	3	17
EUR/1/42450056-43828739	1	1	2719	1	5	0	1	1	1	1	1	73
EUR/1/43828739-46791535	2	2	1652	1	10	3	1	1	0	1.5	3	21
EUR/1/46791535-48604095	0	0	NA	0	NA	NA	0	NA	0	NaN	NaN	NaN
EUR/1/48604095-52650781	0	0	NA	0	NA	NA	0	NA	0	NaN	NaN	NaN
EUR/1/52650781-54549187	1	1	0	0	NA	NA	0	NA	0	0	NaN	NaN
EUR/1/54549187-56335544	1	1	0	0	NA	NA	0	NA	0	0	NaN	NaN
EUR/1/56335544-57916308	1	1	0	0	NA	NA	0	NA	0	0	NaN	NaN
EUR/1/57916308-61644626	1	1	0	0	NA	NA	0	NA	0	0	NaN	NaN
EUR/1/61644626-63206060	0	0	NA	0	NA	NA	0	NA	0	NaN	NaN	NaN
EUR/1/63206060-66308667	1	1	3237	1	76	12	2	3	0	2	21	129
EUR/1/66308667-67303431	0	0	NA	0	NA	NA	0	NA	0	NaN	NaN	NaN
EUR/1/67303431-70527268	0	0	NA	0	NA	NA	0	NA	0	NaN	NaN	NaN
EUR/1/70527268-74665625	2	2	6799	1	17	7	1	2	0	2	7	126
EUR/1/74665625-78795698	2	2	5967	1	26	6	1	2	0	2	19	170
EUR/1/78795698-79195243	0	0	NA	0	NA	NA	0	NA	0	NaN	NaN	NaN
EUR/1/79195243-82478055	0	0	NA	0	NA	NA	0	NA	0	NaN	NaN	NaN
EUR/1/82478055-85515804	0	0	NA	0	NA	NA	0	NA	0	NaN	NaN	NaN
EUR/1/85515804-87190896	0	0	NA	0	NA	NA	0	NA	0	NaN	NaN	NaN
EUR/1/87190896-89284437	2	2	1149.5	1	11	2	1	1	0	1	8	36
EUR/1/89284437-93071870	1	1	0	0	NA	NA	0	NA	0	0	NaN	NaN
EUR/1/93071870-95684841	1	1	2858	1	81	15	1	1	0	2	8	58
EUR/1/95684841-97259500	0	0	NA	0	NA	NA	0	NA	0	NaN	NaN	NaN
EUR/1/97259500-99600538	0	0	NA	0	NA	NA	0	NA	0	NaN	NaN	NaN
EUR/1/99600538-101384499	1	1	1936	1	109	15	0	4	0	2	8	201
EUR/1/101384499-103762931	0	0	NA	0	NA	NA	0	NA	0	NaN	NaN	NaN
EUR/1/103762931-105867868	0	0	NA	0	NA	NA	0	NA	0	NaN	NaN	NaN
EUR/1/105867868-110131515	1	1	0	0	NA	NA	0	NA	0	0	NaN	NaN
EUR/1/110131515-111945212	2	2	1895.5	1	1	1	1	1	0	1	9	35
EUR/1/111945212-113276642	1	1	0	0	NA	NA	0	NA	0	0	NaN	NaN
EUR/1/113276642-115663032	1	1	0	0	NA	NA	0	NA	0	1	NaN	NaN
EUR/1/115663032-117574557	2	2	0	0	NA	NA	0	NA	0	0	NaN	NaN
EUR/1/117574557-119585475	0	0	NA	0	NA	NA	0	NA	0	NaN	NaN	NaN
EUR/1/119585475-148441356	2	2	0	0	NA	NA	0	NA	0	0	NaN	NaN
EUR/1/148441356-151566310	2	2	3309.5	2	180	14	1	2	0	1.5	7.5	19.5
EUR/1/151566310-153358890	0	0	NA	0	NA	NA	0	NA	0	NaN	NaN	NaN
EUR/1/153358890-156424168	1	1	0	0	NA	NA	0	NA	0	0	NaN	NaN
EUR/1/156424168-158933969	1	1	0	0	NA	NA	0	NA	0	0	NaN	NaN
EUR/1/158933969-163173938	1	1	4780	1	6	3	1	1	0	2	19	37
EUR/1/163173938-165681379	0	0	NA	0	NA	NA	0	NA	0	NaN	NaN	NaN
EUR/1/165681379-167192336	0	0	NA	0	NA	NA	0	NA	0	NaN	NaN	NaN
EUR/1/167192336-168414490	1	1	0	0	NA	NA	0	NA	0	0	NaN	NaN
EUR/1/168414490-169838848	0	0	NA	0	NA	NA	0	NA	0	NaN	NaN	NaN
EUR/1/169838848-171908371	0	0	NA	0	NA	NA	0	NA	0	NaN	NaN	NaN
EUR/1/171908371-175755086	1	1	4581	1	41	14	1	2	0	3	17	100
EUR/1/175755086-177781354	0	0	NA	0	NA	NA	0	NA	0	NaN	NaN	NaN
EUR/1/177781354-178974441	1	1	4403	1	12	2	1	1	1	1	1	54
EUR/1/178974441-182577190	0	0	NA	0	NA	NA	0	NA	0	NaN	NaN	NaN
EUR/1/182577190-184628732	1	1	0	0	NA	NA	0	NA	0	0	NaN	NaN
EUR/1/184628732-187000437	1	1	0	0	NA	NA	0	NA	0	0	NaN	NaN
EUR/1/187000437-188933676	0	0	NA	0	NA	NA	0	NA	0	NaN	NaN	NaN
EUR/1/188933676-191900151	0	0	NA	0	NA	NA	0	NA	0	NaN	NaN	NaN
EUR/1/191900151-195599439	0	0	NA	0	NA	NA	0	NA	0	NaN	NaN	NaN
EUR/1/195599439-197971083	1	1	0	0	NA	NA	0	NA	0	0	NaN	NaN
EUR/1/197971083-201556198	2	2	2333.5	1	145	22	2	3	0	1.5	21	142
EUR/1/201556198-203083201	1	1	5969	1	7	2	1	2	0	1	2	16
EUR/1/203083201-205451010	2	2	0	0	NA	NA	0	NA	0	0	NaN	NaN
EUR/1/205451010-206209814	1	1	0	0	NA	NA	0	NA	0	0	NaN	NaN
EUR/1/206209814-208237501	1	1	0	0	NA	NA	0	NA	0	0	NaN	NaN
EUR/1/208237501-210906847	1	1	0	0	NA	NA	0	NA	0	0	NaN	NaN
EUR/1/210906847-211356227	0	0	NA	0	NA	NA	0	NA	0	NaN	NaN	NaN
EUR/1/211356227-214114077	1	1	0	0	NA	NA	0	NA	0	0	NaN	NaN
EUR/1/214114077-216768480	1	1	0	0	NA	NA	0	NA	0	0	NaN	NaN
EUR/1/216768480-218640359	0	0	NA	0	NA	NA	0	NA	0	NaN	NaN	NaN
EUR/1/218640359-219180346	0	0	NA	0	NA	NA	0	NA	0	NaN	NaN	NaN
EUR/1/219180346-220978464	0	0	NA	0	NA	NA	0	NA	0	NaN	NaN	NaN
EUR/1/220978464-222798680	0	0	NA	0	NA	NA	0	NA	0	NaN	NaN	NaN
EUR/1/222798680-224041489	1	1	0	0	NA	NA	0	NA	0	0	NaN	NaN
EUR/1/224041489-225832854	0	0	NA	0	NA	NA	0	NA	0	NaN	NaN	NaN
EUR/1/225832854-227621870	1	1	0	0	NA	NA	0	NA	0	0	NaN	NaN
EUR/1/227621870-230642745	1	1	0	0	NA	NA	0	NA	0	0	NaN	NaN
EUR/1/230642745-232178847	1	1	0	0	NA	NA	0	NA	0	1	NaN	NaN
EUR/1/232178847-233626140	0	0	NA	0	NA	NA	0	NA	0	NaN	NaN	NaN
EUR/1/233626140-236455740	0	0	NA	0	NA	NA	0	NA	0	NaN	NaN	NaN
EUR/1/236455740-237441748	0	0	NA	0	NA	NA	0	NA	0	NaN	NaN	NaN
EUR/1/237441748-238758854	0	0	NA	0	NA	NA	0	NA	0	NaN	NaN	NaN
EUR/1/238758854-239403765	0	0	NA	0	NA	NA	0	NA	0	NaN	NaN	NaN
EUR/1/239403765-240684466	2	2	0	0	NA	NA	0	NA	0	0.5	NaN	NaN
EUR/1/240684466-242257586	0	0	NA	0	NA	NA	0	NA	0	NaN	NaN	NaN
EUR/1/242257586-244490034	0	0	NA	0	NA	NA	0	NA	0	NaN	NaN	NaN
EUR/1/244490034-247180692	0	0	NA	0	NA	NA	0	NA	0	NaN	NaN	NaN
EUR/1/247180692-248945661	1	1	0	0	NA	NA	0	NA	0	0	NaN	NaN
EUR/2/10560-1415211	1	1	5178	1	30	8	2	5	0	2	5	297
EUR/2/1415211-2531147	0	0	NA	0	NA	NA	0	NA	0	NaN	NaN	NaN
EUR/2/2531147-4243787	1	1	0	0	NA	NA	0	NA	0	0	NaN	NaN
EUR/2/4243787-5570019	0	0	NA	0	NA	NA	0	NA	0	NaN	NaN	NaN
EUR/2/5570019-6803612	0	0	NA	0	NA	NA	0	NA	0	NaN	NaN	NaN
EUR/2/6803612-9659787	2	2	2049.5	1	38	3	1	3	0	1	14	64
EUR/2/9659787-9947070	0	0	NA	0	NA	NA	0	NA	0	NaN	NaN	NaN
EUR/2/9947070-11854723	0	0	NA	0	NA	NA	0	NA	0	NaN	NaN	NaN
EUR/2/11854723-13483706	0	0	NA	0	NA	NA	0	NA	0	NaN	NaN	NaN
EUR/2/13483706-16112268	0	0	NA	0	NA	NA	0	NA	0	NaN	NaN	NaN
EUR/2/16112268-18170734	0	0	NA	0	NA	NA	0	NA	0	NaN	NaN	NaN
EUR/2/18170734-20501292	0	0	NA	0	NA	NA	0	NA	0	NaN	NaN	NaN
EUR/2/20501292-23481045	0	0	NA	0	NA	NA	0	NA	0	NaN	NaN	NaN
EUR/2/23481045-24172400	0	0	NA	0	NA	NA	0	NA	0	NaN	NaN	NaN
EUR/2/24172400-25925747	1	1	0	0	NA	NA	0	NA	0	0	NaN	NaN
EUR/2/25925747-28587786	3	3	3465	2	34.5	7.5	1	3	0	1	5.5	283.666666666667
EUR/2/28587786-29585636	0	0	NA	0	NA	NA	0	NA	0	NaN	NaN	NaN
EUR/2/29585636-31231192	0	0	NA	0	NA	NA	0	NA	0	NaN	NaN	NaN
EUR/2/31231192-32902717	0	0	NA	0	NA	NA	0	NA	0	NaN	NaN	NaN
EUR/2/32902717-34663996	0	0	NA	0	NA	NA	0	NA	0	NaN	NaN	NaN
EUR/2/34663996-35451996	0	0	NA	0	NA	NA	0	NA	0	NaN	NaN	NaN
EUR/2/35451996-37905569	1	1	8890	1	10	2	1	1	1	3	8	448
EUR/2/37905569-39636070	1	1	0	0	NA	NA	0	NA	0	0	NaN	NaN
EUR/2/39636070-40055087	0	0	NA	0	NA	NA	0	NA	0	NaN	NaN	NaN
EUR/2/40055087-42110314	0	0	NA	0	NA	NA	0	NA	0	NaN	NaN	NaN
EUR/2/42110314-44160559	1	1	0	0	NA	NA	0	NA	0	0	NaN	NaN
EUR/2/44160559-45817500	0	0	NA	0	NA	NA	0	NA	0	NaN	NaN	NaN
EUR/2/45817500-46829710	0	0	NA	0	NA	NA	0	NA	0	NaN	NaN	NaN
EUR/2/46829710-48726210	0	0	NA	0	NA	NA	0	NA	0	NaN	NaN	NaN
EUR/2/48726210-49673981	0	0	NA	0	NA	NA	0	NA	0	NaN	NaN	NaN
EUR/2/49673981-51441776	0	0	NA	0	NA	NA	0	NA	0	NaN	NaN	NaN
EUR/2/51441776-53128489	0	0	NA	0	NA	NA	0	NA	0	NaN	NaN	NaN
EUR/2/53128489-54103980	1	1	0	0	NA	NA	0	NA	0	0	NaN	NaN
EUR/2/54103980-56169298	2	2	4825.5	1	29	5	1	1	1	1	6	227
EUR/2/56169298-57607701	0	0	NA	0	NA	NA	0	NA	0	NaN	NaN	NaN
EUR/2/57607701-60785914	2	2	7373.5	1	27	4	0	5	0	1.5	12	809
EUR/2/60785914-63407494	1	1	4284	1	0	0	1	1	0	2	3	32
EUR/2/63407494-65708259	2	2	0	0	NA	NA	0	NA	0	0	NaN	NaN
EUR/2/65708259-66484811	0	0	NA	0	NA	NA	0	NA	0	NaN	NaN	NaN
EUR/2/66484811-67755902	0	0	NA	0	NA	NA	0	NA	0	NaN	NaN	NaN
EUR/2/67755902-69124831	1	1	2784	1	2	0	1	1	0	2	2	21
EUR/2/69124831-69955817	0	0	NA	0	NA	NA	0	NA	0	NaN	NaN	NaN
EUR/2/69955817-72966516	0	0	NA	0	NA	NA	0	NA	0	NaN	NaN	NaN
EUR/2/72966516-73895096	1	1	0	0	NA	NA	0	NA	0	0	NaN	NaN
EUR/2/73895096-77154626	0	0	NA	0	NA	NA	0	NA	0	NaN	NaN	NaN
EUR/2/77154626-77456629	0	0	NA	0	NA	NA	0	NA	0	NaN	NaN	NaN
EUR/2/77456629-79996603	0	0	NA	0	NA	NA	0	NA	0	NaN	NaN	NaN
EUR/2/79996603-83378930	0	0	NA	0	NA	NA	0	NA	0	NaN	NaN	NaN
EUR/2/83378930-84168800	0	0	NA	0	NA	NA	0	NA	0	NaN	NaN	NaN
EUR/2/84168800-87936212	1	1	0	0	NA	NA	0	NA	0	0	NaN	NaN
EUR/2/87936212-98380522	2	2	3241.5	1	451	61	1	4	0	1	56	322
EUR/2/98380522-99065934	0	0	NA	0	NA	NA	0	NA	0	NaN	NaN	NaN
EUR/2/99065934-100756218	0	0	NA	0	NA	NA	0	NA	0	NaN	NaN	NaN
EUR/2/100756218-103085716	2	2	1296	1	255	26	1	1	1	0.5	18	160
EUR/2/103085716-106385328	0	0	NA	0	NA	NA	0	NA	0	NaN	NaN	NaN
EUR/2/106385328-107813581	0	0	NA	0	NA	NA	0	NA	0	NaN	NaN	NaN
EUR/2/107813581-110038675	0	0	NA	0	NA	NA	0	NA	0	NaN	NaN	NaN
EUR/2/110038675-113164062	1	1	2598	1	69	25	2	4	0	2	10	502
EUR/2/113164062-115656075	0	0	NA	0	NA	NA	0	NA	0	NaN	NaN	NaN
EUR/2/115656075-118196267	0	0	NA	0	NA	NA	0	NA	0	NaN	NaN	NaN
EUR/2/118196267-119274749	1	1	0	0	NA	NA	0	NA	0	0	NaN	NaN
EUR/2/119274749-120798372	0	0	NA	0	NA	NA	0	NA	0	NaN	NaN	NaN
EUR/2/120798372-122466996	1	1	0	0	NA	NA	0	NA	0	0	NaN	NaN
EUR/2/122466996-124539302	0	0	NA	0	NA	NA	0	NA	0	NaN	NaN	NaN
EUR/2/124539302-127139155	0	0	NA	0	NA	NA	0	NA	0	NaN	NaN	NaN
EUR/2/127139155-130610922	0	0	NA	0	NA	NA	0	NA	0	NaN	NaN	NaN
EUR/2/130610922-133970096	0	0	NA	0	NA	NA	0	NA	0	NaN	NaN	NaN
EUR/2/133970096-137318870	2	2	1260.5	1	19	9	2	3	0	0.5	4	16
EUR/2/137318870-137563448	0	0	NA	0	NA	NA	0	NA	0	NaN	NaN	NaN
EUR/2/137563448-139809357	0	0	NA	0	NA	NA	0	NA	0	NaN	NaN	NaN
EUR/2/139809357-142497412	0	0	NA	0	NA	NA	0	NA	0	NaN	NaN	NaN
EUR/2/142497412-144463853	0	0	NA	0	NA	NA	0	NA	0	NaN	NaN	NaN
EUR/2/144463853-149353378	0	0	NA	0	NA	NA	0	NA	0	NaN	NaN	NaN
EUR/2/149353378-149575863	0	0	NA	0	NA	NA	0	NA	0	NaN	NaN	NaN
EUR/2/149575863-150875416	0	0	NA	0	NA	NA	0	NA	0	NaN	NaN	NaN
EUR/2/150875416-154353828	0	0	NA	0	NA	NA	0	NA	0	NaN	NaN	NaN
EUR/2/154353828-155418316	0	0	NA	0	NA	NA	0	NA	0	NaN	NaN	NaN
EUR/2/155418316-158301473	0	0	NA	0	NA	NA	0	NA	0	NaN	NaN	NaN
EUR/2/158301473-159697979	1	1	3042	1	5	0	2	7	0	3	3	198
EUR/2/159697979-163746622	1	1	6372	1	37	6	1	1	1	2	13	334
EUR/2/163746622-167654198	0	0	NA	0	NA	NA	0	NA	0	NaN	NaN	NaN
EUR/2/167654198-171232077	0	0	NA	0	NA	NA	0	NA	0	NaN	NaN	NaN
EUR/2/171232077-173021162	2	2	0	0	NA	NA	0	NA	0	0	NaN	NaN
EUR/2/173021162-176559733	0	0	NA	0	NA	NA	0	NA	0	NaN	NaN	NaN
EUR/2/176559733-179341663	0	0	NA	0	NA	NA	0	NA	0	NaN	NaN	NaN
EUR/2/179341663-181043711	0	0	NA	0	NA	NA	0	NA	0	NaN	NaN	NaN
EUR/2/181043711-185382375	2	2	1518	1	6	0	1	2	0	0.5	5	13
EUR/2/185382375-186097359	0	0	NA	0	NA	NA	0	NA	0	NaN	NaN	NaN
EUR/2/186097359-192116616	1	1	2792	1	2	0	1	1	0	2	10	18
EUR/2/192116616-193519139	0	0	NA	0	NA	NA	0	NA	0	NaN	NaN	NaN
EUR/2/193519139-196213729	0	0	NA	0	NA	NA	0	NA	0	NaN	NaN	NaN
EUR/2/196213729-198793896	0	0	NA	0	NA	NA	0	NA	0	NaN	NaN	NaN
EUR/2/198793896-201042910	1	1	0	0	NA	NA	0	NA	0	0	NaN	NaN
EUR/2/201042910-204200436	1	1	3111	1	82	21	1	3	0	2	12	69
EUR/2/204200436-207959327	1	1	0	0	NA	NA	0	NA	0	0	NaN	NaN
EUR/2/207959327-209232020	0	0	NA	0	NA	NA	0	NA	0	NaN	NaN	NaN
EUR/2/209232020-212714100	0	0	NA	0	NA	NA	0	NA	0	NaN	NaN	NaN
EUR/2/212714100-216006086	1	1	4014	1	134	16	2	5	0	2	17	1062
EUR/2/216006086-217917700	0	0	NA	0	NA	NA	0	NA	0	NaN	NaN	NaN
EUR/2/217917700-220583739	1	1	0	0	NA	NA	0	NA	0	0	NaN	NaN
EUR/2/220583739-222122402	0	0	NA	0	NA	NA	0	NA	0	NaN	NaN	NaN
EUR/2/222122402-224068622	0	0	NA	0	NA	NA	0	NA	0	NaN	NaN	NaN
EUR/2/224068622-227191954	1	1	0	0	NA	NA	0	NA	0	0	NaN	NaN
EUR/2/227191954-229419238	0	0	NA	0	NA	NA	0	NA	0	NaN	NaN	NaN
EUR/2/229419238-230980237	1	1	0	0	NA	NA	0	NA	0	0	NaN	NaN
EUR/2/230980237-233975710	3	3	1360	1	57	12	1	2	0	1	18	100
EUR/2/233975710-235064513	0	0	NA	0	NA	NA	0	NA	0	NaN	NaN	NaN
EUR/2/235064513-236089441	0	0	NA	0	NA	NA	0	NA	0	NaN	NaN	NaN
EUR/2/236089441-237593948	0	0	NA	0	NA	NA	0	NA	0	NaN	NaN	NaN
EUR/2/237593948-239407316	1	1	0	0	NA	NA	0	NA	0	0	NaN	NaN
EUR/2/239407316-240576179	1	1	0	0	NA	NA	0	NA	0	0	NaN	NaN
EUR/2/240576179-242171545	2	2	1364	1	109	19	2	4	0	1	9	204
EUR/3/11805-1087624	0	0	NA	0	NA	NA	0	NA	0	NaN	NaN	NaN
EUR/3/1087624-2102384	1	1	0	0	NA	NA	0	NA	0	0	NaN	NaN
EUR/3/2102384-3273572	2	2	907	1	37	12	2	7	0	1	11	226
EUR/3/3273572-4837700	0	0	NA	0	NA	NA	0	NA	0	NaN	NaN	NaN
EUR/3/4837700-7330932	0	0	NA	0	NA	NA	0	NA	0	NaN	NaN	NaN
EUR/3/7330932-9153647	0	0	NA	0	NA	NA	0	NA	0	NaN	NaN	NaN
EUR/3/9153647-10633999	2	2	907.5	1	4	2	1	1	0	0.5	4	20
EUR/3/10633999-13113221	1	1	3025	1	123	20	1	3	0	2	20	68
EUR/3/13113221-14269725	1	1	0	0	NA	NA	0	NA	0	0	NaN	NaN
EUR/3/14269725-16623951	0	0	NA	0	NA	NA	0	NA	0	NaN	NaN	NaN
EUR/3/16623951-18889489	1	1	2755	1	131	16	1	4	0	3	15	599
EUR/3/18889489-19939922	0	0	NA	0	NA	NA	0	NA	0	NaN	NaN	NaN
EUR/3/19939922-21481850	0	0	NA	0	NA	NA	0	NA	0	NaN	NaN	NaN
EUR/3/21481850-22606099	0	0	NA	0	NA	NA	0	NA	0	NaN	NaN	NaN
EUR/3/22606099-25035189	1	1	0	0	NA	NA	0	NA	0	0	NaN	NaN
EUR/3/25035189-26862062	1	1	5843	1	11	1	1	1	0	2	4	43
EUR/3/26862062-31229789	1	1	5708	1	14	1	1	1	0	4	23	215
EUR/3/31229789-33214100	2	2	1264.5	1	32	8	1	3	0	1	9	46
EUR/3/33214100-34773314	0	0	NA	0	NA	NA	0	NA	0	NaN	NaN	NaN
EUR/3/34773314-37490365	0	0	NA	0	NA	NA	0	NA	0	NaN	NaN	NaN
EUR/3/37490365-40979320	0	0	NA	0	NA	NA	0	NA	0	NaN	NaN	NaN
EUR/3/40979320-42376395	0	0	NA	0	NA	NA	0	NA	0	NaN	NaN	NaN
EUR/3/42376395-45779015	2	2	1990.5	1	34	7	1	2	0	1.5	7	75
EUR/3/45779015-47151274	2	2	1209	1	3	1	1	1	0	0.5	2	11
EUR/3/47151274-52179438	4	4	4877.25	2	182	15	2	3	1	1.25	22	230.833333333333
EUR/3/52179438-54605182	3	3	0	0	NA	NA	0	NA	0	0	NaN	NaN
EUR/3/54605182-55837505	0	0	NA	0	NA	NA	0	NA	0	NaN	NaN	NaN
EUR/3/55837505-59424339	1	1	4124	1	1	1	1	1	0	2	9	31
EUR/3/59424339-61294318	0	0	NA	0	NA	NA	0	NA	0	NaN	NaN	NaN
EUR/3/61294318-63418850	0	0	NA	0	NA	NA	0	NA	0	NaN	NaN	NaN
EUR/3/63418850-65431466	0	0	NA	0	NA	NA	0	NA	0	NaN	NaN	NaN
EUR/3/65431466-67249711	0	0	NA	0	NA	NA	0	NA	0	NaN	NaN	NaN
EUR/3/67249711-69298771	0	0	NA	0	NA	NA	0	NA	0	NaN	NaN	NaN
EUR/3/69298771-71170643	0	0	NA	0	NA	NA	0	NA	0	NaN	NaN	NaN
EUR/3/71170643-74272289	1	1	0	0	NA	NA	0	NA	0	0	NaN	NaN
EUR/3/74272289-76808163	0	0	NA	0	NA	NA	0	NA	0	NaN	NaN	NaN
EUR/3/76808163-77460943	0	0	NA	0	NA	NA	0	NA	0	NaN	NaN	NaN
EUR/3/77460943-79731646	0	0	NA	0	NA	NA	0	NA	0	NaN	NaN	NaN
EUR/3/79731646-82738643	0	0	NA	0	NA	NA	0	NA	0	NaN	NaN	NaN
EUR/3/82738643-84151010	0	0	NA	0	NA	NA	0	NA	0	NaN	NaN	NaN
EUR/3/84151010-85492828	0	0	NA	0	NA	NA	0	NA	0	NaN	NaN	NaN
EUR/3/85492828-87001847	0	0	NA	0	NA	NA	0	NA	0	NaN	NaN	NaN
EUR/3/87001847-88340078	0	0	NA	0	NA	NA	0	NA	0	NaN	NaN	NaN
EUR/3/88340078-89324448	0	0	NA	0	NA	NA	0	NA	0	NaN	NaN	NaN
EUR/3/89324448-93713703	0	0	NA	0	NA	NA	0	NA	0	NaN	NaN	NaN
EUR/3/93713703-96083058	0	0	NA	0	NA	NA	0	NA	0	NaN	NaN	NaN
EUR/3/96083058-99327109	0	0	NA	0	NA	NA	0	NA	0	NaN	NaN	NaN
EUR/3/99327109-99624406	0	0	NA	0	NA	NA	0	NA	0	NaN	NaN	NaN
EUR/3/99624406-102183048	2	2	1283.5	1	124	7	0	2	0	1	19	57
EUR/3/102183048-105162285	0	0	NA	0	NA	NA	0	NA	0	NaN	NaN	NaN
EUR/3/105162285-107264432	0	0	NA	0	NA	NA	0	NA	0	NaN	NaN	NaN
EUR/3/107264432-108150910	0	0	NA	0	NA	NA	0	NA	0	NaN	NaN	NaN
EUR/3/108150910-109806293	0	0	NA	0	NA	NA	0	NA	0	NaN	NaN	NaN
EUR/3/109806293-110575780	0	0	NA	0	NA	NA	0	NA	0	NaN	NaN	NaN
EUR/3/110575780-113222710	2	2	1390.5	1	228	24	1	4	0	2	29	927
EUR/3/113222710-115565057	0	0	NA	0	NA	NA	0	NA	0	NaN	NaN	NaN
EUR/3/115565057-117121230	0	0	NA	0	NA	NA	0	NA	0	NaN	NaN	NaN
EUR/3/117121230-119789596	0	0	NA	0	NA	NA	0	NA	0	NaN	NaN	NaN
EUR/3/119789596-120924677	0	0	NA	0	NA	NA	0	NA	0	NaN	NaN	NaN
EUR/3/120924677-123803758	1	1	0	0	NA	NA	0	NA	0	0	NaN	NaN
EUR/3/123803758-127360326	2	2	3188.5	1	8	1	2	3	0	1.5	5	1053
EUR/3/127360326-129368353	1	1	2451	1	189	20	2	4	0	2	11	402
EUR/3/129368353-131728126	2	2	0	0	NA	NA	0	NA	0	0	NaN	NaN
EUR/3/131728126-133416312	0	0	NA	0	NA	NA	0	NA	0	NaN	NaN	NaN
EUR/3/133416312-135549808	0	0	NA	0	NA	NA	0	NA	0	NaN	NaN	NaN
EUR/3/135549808-137652305	0	0	NA	0	NA	NA	0	NA	0	NaN	NaN	NaN
EUR/3/137652305-139314519	0	0	NA	0	NA	NA	0	NA	0	NaN	NaN	NaN
EUR/3/139314519-141292082	0	0	NA	0	NA	NA	0	NA	0	NaN	NaN	NaN
EUR/3/141292082-143776993	1	1	8964	1	16	2	1	1	1	2	5	243
EUR/3/143776993-147652994	0	0	NA	0	NA	NA	0	NA	0	NaN	NaN	NaN
EUR/3/147652994-148836547	0	0	NA	0	NA	NA	0	NA	0	NaN	NaN	NaN
EUR/3/148836547-150895438	0	0	NA	0	NA	NA	0	NA	0	NaN	NaN	NaN
EUR/3/150895438-152191344	2	2	0	0	NA	NA	0	NA	0	0	NaN	NaN
EUR/3/152191344-154364630	0	0	NA	0	NA	NA	0	NA	0	NaN	NaN	NaN
EUR/3/154364630-157073924	0	0	NA	0	NA	NA	0	NA	0	NaN	NaN	NaN
EUR/3/157073924-159551551	0	0	NA	0	NA	NA	0	NA	0	NaN	NaN	NaN
EUR/3/159551551-161909681	0	0	NA	0	NA	NA	0	NA	0	NaN	NaN	NaN
EUR/3/161909681-163708331	0	0	NA	0	NA	NA	0	NA	0	NaN	NaN	NaN
EUR/3/163708331-167399986	0	0	NA	0	NA	NA	0	NA	0	NaN	NaN	NaN
EUR/3/167399986-171052587	2	2	4250.5	2	39.5	11	3	2.5	0	3	15	480.4
EUR/3/171052587-172148025	0	0	NA	0	NA	NA	0	NA	0	NaN	NaN	NaN
EUR/3/172148025-174557918	0	0	NA	0	NA	NA	0	NA	0	NaN	NaN	NaN
EUR/3/174557918-175214913	0	0	NA	0	NA	NA	0	NA	0	NaN	NaN	NaN
EUR/3/175214913-176977984	0	0	NA	0	NA	NA	0	NA	0	NaN	NaN	NaN
EUR/3/176977984-180806434	0	0	NA	0	NA	NA	0	NA	0	NaN	NaN	NaN
EUR/3/180806434-182509337	0	0	NA	0	NA	NA	0	NA	0	NaN	NaN	NaN
EUR/3/182509337-184395717	0	0	NA	0	NA	NA	0	NA	0	NaN	NaN	NaN
EUR/3/184395717-186204235	1	1	0	0	NA	NA	0	NA	0	0	NaN	NaN
EUR/3/186204235-188486544	1	1	4565	1	7	1	4	5	0	2	5	333
EUR/3/188486544-189336989	1	1	1084	1	27	5	1	1	0	1	1	7
EUR/3/189336989-190587260	0	0	NA	0	NA	NA	0	NA	0	NaN	NaN	NaN
EUR/3/190587260-190995473	0	0	NA	0	NA	NA	0	NA	0	NaN	NaN	NaN
EUR/3/190995473-192398034	0	0	NA	0	NA	NA	0	NA	0	NaN	NaN	NaN
EUR/3/192398034-194169873	0	0	NA	0	NA	NA	0	NA	0	NaN	NaN	NaN
EUR/3/194169873-195494690	0	0	NA	0	NA	NA	0	NA	0	NaN	NaN	NaN
EUR/3/195494690-196653736	3	3	497.6666666666667	1	20	4	1	1	0	0	2	16
EUR/3/196653736-198190508	0	0	NA	0	NA	NA	0	NA	0	NaN	NaN	NaN
EUR/4/10208-700824	0	0	NA	0	NA	NA	0	NA	0	NaN	NaN	NaN
EUR/4/700824-1524981	0	0	NA	0	NA	NA	0	NA	0	NaN	NaN	NaN
EUR/4/1524981-2308201	0	0	NA	0	NA	NA	0	NA	0	NaN	NaN	NaN
EUR/4/2308201-3868459	2	2	0	0	NA	NA	0	NA	0	0.5	NaN	NaN
EUR/4/3868459-4568438	0	0	NA	0	NA	NA	0	NA	0	NaN	NaN	NaN
EUR/4/4568438-5816617	0	0	NA	0	NA	NA	0	NA	0	NaN	NaN	NaN
EUR/4/5816617-7366767	0	0	NA	0	NA	NA	0	NA	0	NaN	NaN	NaN
EUR/4/7366767-8152257	0	0	NA	0	NA	NA	0	NA	0	NaN	NaN	NaN
EUR/4/8152257-9158814	2	2	0	0	NA	NA	0	NA	0	0.5	NaN	NaN
EUR/4/9158814-11411001	0	0	NA	0	NA	NA	0	NA	0	NaN	NaN	NaN
EUR/4/11411001-13124074	0	0	NA	0	NA	NA	0	NA	0	NaN	NaN	NaN
EUR/4/13124074-14035428	1	1	0	0	NA	NA	0	NA	0	0	NaN	NaN
EUR/4/14035428-15298454	0	0	NA	0	NA	NA	0	NA	0	NaN	NaN	NaN
EUR/4/15298454-17239519	1	1	0	0	NA	NA	0	NA	0	0	NaN	NaN
EUR/4/17239519-18840251	1	1	5726	1	36	5	1	1	1	2	5	141
EUR/4/18840251-20484607	0	0	NA	0	NA	NA	0	NA	0	NaN	NaN	NaN
EUR/4/20484607-22524232	0	0	NA	0	NA	NA	0	NA	0	NaN	NaN	NaN
EUR/4/22524232-23921851	0	0	NA	0	NA	NA	0	NA	0	NaN	NaN	NaN
EUR/4/23921851-26185805	0	0	NA	0	NA	NA	0	NA	0	NaN	NaN	NaN
EUR/4/26185805-29126750	0	0	NA	0	NA	NA	0	NA	0	NaN	NaN	NaN
EUR/4/29126750-30453335	0	0	NA	0	NA	NA	0	NA	0	NaN	NaN	NaN
EUR/4/30453335-32592190	0	0	NA	0	NA	NA	0	NA	0	NaN	NaN	NaN
EUR/4/32592190-34346308	0	0	NA	0	NA	NA	0	NA	0	NaN	NaN	NaN
EUR/4/34346308-36672526	0	0	NA	0	NA	NA	0	NA	0	NaN	NaN	NaN
EUR/4/36672526-37897029	0	0	NA	0	NA	NA	0	NA	0	NaN	NaN	NaN
EUR/4/37897029-40870713	2	2	1490.5	1	166	16	3	4	0	0.5	30	1007
EUR/4/40870713-42213408	1	1	0	0	NA	NA	0	NA	0	0	NaN	NaN
EUR/4/42213408-44607167	0	0	NA	0	NA	NA	0	NA	0	NaN	NaN	NaN
EUR/4/44607167-49151183	3	3	6236.666666666667	1	30	7	1	2	0	1.66666666666667	15	207
EUR/4/49151183-53791570	0	0	NA	0	NA	NA	0	NA	0	NaN	NaN	NaN
EUR/4/53791570-56771785	1	1	0	0	NA	NA	0	NA	0	0	NaN	NaN
EUR/4/56771785-58494275	0	0	NA	0	NA	NA	0	NA	0	NaN	NaN	NaN
EUR/4/58494275-61297325	0	0	NA	0	NA	NA	0	NA	0	NaN	NaN	NaN
EUR/4/61297325-63475350	0	0	NA	0	NA	NA	0	NA	0	NaN	NaN	NaN
EUR/4/63475350-66736108	0	0	NA	0	NA	NA	0	NA	0	NaN	NaN	NaN
EUR/4/66736108-68627180	0	0	NA	0	NA	NA	0	NA	0	NaN	NaN	NaN
EUR/4/68627180-70605769	1	1	0	0	NA	NA	0	NA	0	1	NaN	NaN
EUR/4/70605769-74394244	0	0	NA	0	NA	NA	0	NA	0	NaN	NaN	NaN
EUR/4/74394244-77413400	0	0	NA	0	NA	NA	0	NA	0	NaN	NaN	NaN
EUR/4/77413400-79025373	0	0	NA	0	NA	NA	0	NA	0	NaN	NaN	NaN
EUR/4/79025373-82753883	1	1	4684	1	74	6	1	2	0	3	24	138
EUR/4/82753883-84512249	1	1	0	0	NA	NA	0	NA	0	0	NaN	NaN
EUR/4/84512249-85682995	0	0	NA	0	NA	NA	0	NA	0	NaN	NaN	NaN
EUR/4/85682995-86964364	0	0	NA	0	NA	NA	0	NA	0	NaN	NaN	NaN
EUR/4/86964364-89210442	1	1	0	0	NA	NA	0	NA	0	0	NaN	NaN
EUR/4/89210442-91245821	0	0	NA	0	NA	NA	0	NA	0	NaN	NaN	NaN
EUR/4/91245821-93839111	0	0	NA	0	NA	NA	0	NA	0	NaN	NaN	NaN
EUR/4/93839111-94976599	0	0	NA	0	NA	NA	0	NA	0	NaN	NaN	NaN
EUR/4/94976599-98498893	0	0	NA	0	NA	NA	0	NA	0	NaN	NaN	NaN
EUR/4/98498893-100212545	1	1	3706	1	9	1	1	1	0	2	3	40
EUR/4/100212545-102467462	1	1	4107	1	2	0	1	1	0	1	4	31
EUR/4/102467462-105562170	1	1	0	0	NA	NA	0	NA	0	0	NaN	NaN
EUR/4/105562170-107205822	0	0	NA	0	NA	NA	0	NA	0	NaN	NaN	NaN
EUR/4/107205822-110141227	1	1	3400	1	75	45	1	1	0	2	15	26
EUR/4/110141227-112325437	0	0	NA	0	NA	NA	0	NA	0	NaN	NaN	NaN
EUR/4/112325437-113946531	1	1	0	0	NA	NA	0	NA	0	0	NaN	NaN
EUR/4/113946531-115851934	0	0	NA	0	NA	NA	0	NA	0	NaN	NaN	NaN
EUR/4/115851934-119012842	1	1	0	0	NA	NA	0	NA	0	0	NaN	NaN
EUR/4/119012842-119509632	1	1	0	0	NA	NA	0	NA	0	0	NaN	NaN
EUR/4/119509632-121537361	0	0	NA	0	NA	NA	0	NA	0	NaN	NaN	NaN
EUR/4/121537361-122448621	1	1	0	0	NA	NA	0	NA	0	0	NaN	NaN
EUR/4/122448621-124296170	1	1	2051	1	133	17	1	1	1	2	15	160
EUR/4/124296170-126353112	0	0	NA	0	NA	NA	0	NA	0	NaN	NaN	NaN
EUR/4/126353112-128761282	0	0	NA	0	NA	NA	0	NA	0	NaN	NaN	NaN
EUR/4/128761282-130181937	0	0	NA	0	NA	NA	0	NA	0	NaN	NaN	NaN
EUR/4/130181937-131745311	0	0	NA	0	NA	NA	0	NA	0	NaN	NaN	NaN
EUR/4/131745311-132592072	0	0	NA	0	NA	NA	0	NA	0	NaN	NaN	NaN
EUR/4/132592072-134897268	1	1	0	0	NA	NA	0	NA	0	0	NaN	NaN
EUR/4/134897268-135936325	0	0	NA	0	NA	NA	0	NA	0	NaN	NaN	NaN
EUR/4/135936325-137622890	0	0	NA	0	NA	NA	0	NA	0	NaN	NaN	NaN
EUR/4/137622890-137868472	0	0	NA	0	NA	NA	0	NA	0	NaN	NaN	NaN
EUR/4/137868472-139913582	0	0	NA	0	NA	NA	0	NA	0	NaN	NaN	NaN
EUR/4/139913582-142307351	0	0	NA	0	NA	NA	0	NA	0	NaN	NaN	NaN
EUR/4/142307351-143956740	0	0	NA	0	NA	NA	0	NA	0	NaN	NaN	NaN
EUR/4/143956740-147542688	1	1	10944	1	33	5	1	1	1	3	11	367
EUR/4/147542688-149763306	0	0	NA	0	NA	NA	0	NA	0	NaN	NaN	NaN
EUR/4/149763306-152644270	1	1	3407	1	14	2	1	1	0	2	3	51
EUR/4/152644270-154626875	1	1	0	0	NA	NA	0	NA	0	0	NaN	NaN
EUR/4/154626875-156252872	0	0	NA	0	NA	NA	0	NA	0	NaN	NaN	NaN
EUR/4/156252872-158064420	0	0	NA	0	NA	NA	0	NA	0	NaN	NaN	NaN
EUR/4/158064420-160923001	0	0	NA	0	NA	NA	0	NA	0	NaN	NaN	NaN
EUR/4/160923001-162492158	0	0	NA	0	NA	NA	0	NA	0	NaN	NaN	NaN
EUR/4/162492158-163079718	0	0	NA	0	NA	NA	0	NA	0	NaN	NaN	NaN
EUR/4/163079718-164551193	0	0	NA	0	NA	NA	0	NA	0	NaN	NaN	NaN
EUR/4/164551193-166097787	1	1	0	0	NA	NA	0	NA	0	0	NaN	NaN
EUR/4/166097787-166726013	0	0	NA	0	NA	NA	0	NA	0	NaN	NaN	NaN
EUR/4/166726013-169759864	1	1	0	0	NA	NA	0	NA	0	0	NaN	NaN
EUR/4/169759864-171638536	0	0	NA	0	NA	NA	0	NA	0	NaN	NaN	NaN
EUR/4/171638536-173554805	0	0	NA	0	NA	NA	0	NA	0	NaN	NaN	NaN
EUR/4/173554805-175209212	0	0	NA	0	NA	NA	0	NA	0	NaN	NaN	NaN
EUR/4/175209212-178480786	0	0	NA	0	NA	NA	0	NA	0	NaN	NaN	NaN
EUR/4/178480786-180203927	0	0	NA	0	NA	NA	0	NA	0	NaN	NaN	NaN
EUR/4/180203927-182203780	0	0	NA	0	NA	NA	0	NA	0	NaN	NaN	NaN
EUR/4/182203780-183393363	0	0	NA	0	NA	NA	0	NA	0	NaN	NaN	NaN
EUR/4/183393363-185466290	2	2	0	0	NA	NA	0	NA	0	0	NaN	NaN
EUR/4/185466290-186471422	0	0	NA	0	NA	NA	0	NA	0	NaN	NaN	NaN
EUR/4/186471422-187773644	1	1	0	0	NA	NA	0	NA	0	0	NaN	NaN
EUR/4/187773644-189588654	0	0	NA	0	NA	NA	0	NA	0	NaN	NaN	NaN
EUR/4/189588654-190183759	0	0	NA	0	NA	NA	0	NA	0	NaN	NaN	NaN
EUR/5/11875-1415514	0	0	NA	0	NA	NA	0	NA	0	NaN	NaN	NaN
EUR/5/1415514-2669989	1	1	0	0	NA	NA	0	NA	0	0	NaN	NaN
EUR/5/2669989-4631825	0	0	NA	0	NA	NA	0	NA	0	NaN	NaN	NaN
EUR/5/4631825-5991717	0	0	NA	0	NA	NA	0	NA	0	NaN	NaN	NaN
EUR/5/5991717-7023201	0	0	NA	0	NA	NA	0	NA	0	NaN	NaN	NaN
EUR/5/7023201-9205437	0	0	NA	0	NA	NA	0	NA	0	NaN	NaN	NaN
EUR/5/9205437-11395339	1	1	3019	1	33	2	1	2	0	2	11	55
EUR/5/11395339-13611522	0	0	NA	0	NA	NA	0	NA	0	NaN	NaN	NaN
EUR/5/13611522-16412905	0	0	NA	0	NA	NA	0	NA	0	NaN	NaN	NaN
EUR/5/16412905-18847908	0	0	NA	0	NA	NA	0	NA	0	NaN	NaN	NaN
EUR/5/18847908-22151519	0	0	NA	0	NA	NA	0	NA	0	NaN	NaN	NaN
EUR/5/22151519-24839714	0	0	NA	0	NA	NA	0	NA	0	NaN	NaN	NaN
EUR/5/24839714-26197572	0	0	NA	0	NA	NA	0	NA	0	NaN	NaN	NaN
EUR/5/26197572-26717152	0	0	NA	0	NA	NA	0	NA	0	NaN	NaN	NaN
EUR/5/26717152-27968898	0	0	NA	0	NA	NA	0	NA	0	NaN	NaN	NaN
EUR/5/27968898-30003843	0	0	NA	0	NA	NA	0	NA	0	NaN	NaN	NaN
EUR/5/30003843-32770644	0	0	NA	0	NA	NA	0	NA	0	NaN	NaN	NaN
EUR/5/32770644-34676940	0	0	NA	0	NA	NA	0	NA	0	NaN	NaN	NaN
EUR/5/34676940-36438152	2	2	924	1	103	16	1	2	0	1	11	34
EUR/5/36438152-38117060	0	0	NA	0	NA	NA	0	NA	0	NaN	NaN	NaN
EUR/5/38117060-39596750	0	0	NA	0	NA	NA	0	NA	0	NaN	NaN	NaN
EUR/5/39596750-42858112	1	1	14686	1	25	3	1	1	1	3	10	429
EUR/5/42858112-52881116	0	0	NA	0	NA	NA	0	NA	0	NaN	NaN	NaN
EUR/5/52881116-54407873	0	0	NA	0	NA	NA	0	NA	0	NaN	NaN	NaN
EUR/5/54407873-56272660	1	1	0	0	NA	NA	0	NA	0	0	NaN	NaN
EUR/5/56272660-58799380	0	0	NA	0	NA	NA	0	NA	0	NaN	NaN	NaN
EUR/5/58799380-61790609	0	0	NA	0	NA	NA	0	NA	0	NaN	NaN	NaN
EUR/5/61790609-62780273	0	0	NA	0	NA	NA	0	NA	0	NaN	NaN	NaN
EUR/5/62780273-64109946	0	0	NA	0	NA	NA	0	NA	0	NaN	NaN	NaN
EUR/5/64109946-66303964	1	1	0	0	NA	NA	0	NA	0	0	NaN	NaN
EUR/5/66303964-68013947	0	0	NA	0	NA	NA	0	NA	0	NaN	NaN	NaN
EUR/5/68013947-71096890	1	1	4870	1	6	6	1	2	0	1	1	19
EUR/5/71096890-73282304	0	0	NA	0	NA	NA	0	NA	0	NaN	NaN	NaN
EUR/5/73282304-74672139	0	0	NA	0	NA	NA	0	NA	0	NaN	NaN	NaN
EUR/5/74672139-77129124	1	1	7932	1	52	3	1	1	1	2	6	251
EUR/5/77129124-78741315	1	1	5144	1	23	3	1	1	1	1	3	120
EUR/5/78741315-81767571	1	1	0	0	NA	NA	0	NA	0	0	NaN	NaN
EUR/5/81767571-84011262	0	0	NA	0	NA	NA	0	NA	0	NaN	NaN	NaN
EUR/5/84011262-86472172	0	0	NA	0	NA	NA	0	NA	0	NaN	NaN	NaN
EUR/5/86472172-89595165	2	2	5898.5	1	110	11	1	1	1	1	13	197
EUR/5/89595165-91671154	0	0	NA	0	NA	NA	0	NA	0	NaN	NaN	NaN
EUR/5/91671154-96487028	1	1	16025	1	19	5	1	2	0	6	9	121
EUR/5/96487028-97711949	1	1	3995	1	8	0	1	1	1	3	2	103
EUR/5/97711949-99924963	0	0	NA	0	NA	NA	0	NA	0	NaN	NaN	NaN
EUR/5/99924963-101134655	0	0	NA	0	NA	NA	0	NA	0	NaN	NaN	NaN
EUR/5/101134655-103750446	0	0	NA	0	NA	NA	0	NA	0	NaN	NaN	NaN
EUR/5/103750446-107465462	0	0	NA	0	NA	NA	0	NA	0	NaN	NaN	NaN
EUR/5/107465462-109299301	1	1	0	0	NA	NA	0	NA	0	0	NaN	NaN
EUR/5/109299301-111753684	2	2	1714.5	1	176	27	2	3	0	2	24	846
EUR/5/111753684-113196847	0	0	NA	0	NA	NA	0	NA	0	NaN	NaN	NaN
EUR/5/113196847-114269597	0	0	NA	0	NA	NA	0	NA	0	NaN	NaN	NaN
EUR/5/114269597-115783250	0	0	NA	0	NA	NA	0	NA	0	NaN	NaN	NaN
EUR/5/115783250-116502421	0	0	NA	0	NA	NA	0	NA	0	NaN	NaN	NaN
EUR/5/116502421-117231140	0	0	NA	0	NA	NA	0	NA	0	NaN	NaN	NaN
EUR/5/117231140-118418617	0	0	NA	0	NA	NA	0	NA	0	NaN	NaN	NaN
EUR/5/118418617-119895631	1	1	0	0	NA	NA	0	NA	0	0	NaN	NaN
EUR/5/119895631-122150144	0	0	NA	0	NA	NA	0	NA	0	NaN	NaN	NaN
EUR/5/122150144-123858800	1	1	5929	1	36	5	1	1	1	2	3	117
EUR/5/123858800-125801602	0	0	NA	0	NA	NA	0	NA	0	NaN	NaN	NaN
EUR/5/125801602-127606135	0	0	NA	0	NA	NA	0	NA	0	NaN	NaN	NaN
EUR/5/127606135-129539728	0	0	NA	0	NA	NA	0	NA	0	NaN	NaN	NaN
EUR/5/129539728-133682912	3	3	4338.333333333333	2	462	23.5	8	5.5	0	1.33333333333333	61.5	547.454545454545
EUR/5/133682912-135263204	0	0	NA	0	NA	NA	0	NA	0	NaN	NaN	NaN
EUR/5/135263204-137607787	0	0	NA	0	NA	NA	0	NA	0	NaN	NaN	NaN
EUR/5/137607787-140031561	1	1	6897	1	10	4	1	2	0	1	3	26
EUR/5/140031561-142646484	3	3	1011.3333333333334	1	56	9	1	2	0	0.666666666666667	10	51
EUR/5/142646484-145315971	0	0	NA	0	NA	NA	0	NA	0	NaN	NaN	NaN
EUR/5/145315971-147056017	1	1	0	0	NA	NA	0	NA	0	0	NaN	NaN
EUR/5/147056017-150108378	1	1	3605	1	19	7	1	3	0	3	6	100
EUR/5/150108378-151593050	1	1	0	0	NA	NA	0	NA	0	0	NaN	NaN
EUR/5/151593050-153673287	0	0	NA	0	NA	NA	0	NA	0	NaN	NaN	NaN
EUR/5/153673287-157202743	0	0	NA	0	NA	NA	0	NA	0	NaN	NaN	NaN
EUR/5/157202743-159399239	0	0	NA	0	NA	NA	0	NA	0	NaN	NaN	NaN
EUR/5/159399239-159963304	0	0	NA	0	NA	NA	0	NA	0	NaN	NaN	NaN
EUR/5/159963304-162267483	0	0	NA	0	NA	NA	0	NA	0	NaN	NaN	NaN
EUR/5/162267483-164096101	0	0	NA	0	NA	NA	0	NA	0	NaN	NaN	NaN
EUR/5/164096101-165554891	0	0	NA	0	NA	NA	0	NA	0	NaN	NaN	NaN
EUR/5/165554891-167974992	0	0	NA	0	NA	NA	0	NA	0	NaN	NaN	NaN
EUR/5/167974992-169413494	0	0	NA	0	NA	NA	0	NA	0	NaN	NaN	NaN
EUR/5/169413494-172129074	1	1	7950	1	28	3	1	1	1	2	10	303
EUR/5/172129074-173757543	0	0	NA	0	NA	NA	0	NA	0	NaN	NaN	NaN
EUR/5/173757543-175573504	0	0	NA	0	NA	NA	0	NA	0	NaN	NaN	NaN
EUR/5/175573504-177963481	3	3	773.3333333333334	1	18	5	1	1	0	0.666666666666667	5	28
EUR/5/177963481-179671059	0	0	NA	0	NA	NA	0	NA	0	NaN	NaN	NaN
EUR/5/179671059-181362530	1	1	0	0	NA	NA	0	NA	0	0	NaN	NaN
EUR/6/121495-1477586	1	1	2012	1	136	15	8	10	0	1	11	267
EUR/6/1477586-3413617	0	0	NA	0	NA	NA	0	NA	0	NaN	NaN	NaN
EUR/6/3413617-4659841	0	0	NA	0	NA	NA	0	NA	0	NaN	NaN	NaN
EUR/6/4659841-5664155	1	1	0	0	NA	NA	0	NA	0	0	NaN	NaN
EUR/6/5664155-6899578	0	0	NA	0	NA	NA	0	NA	0	NaN	NaN	NaN
EUR/6/6899578-8258409	2	2	0	0	NA	NA	0	NA	0	0	NaN	NaN
EUR/6/8258409-11236809	0	0	NA	0	NA	NA	0	NA	0	NaN	NaN	NaN
EUR/6/11236809-11910130	0	0	NA	0	NA	NA	0	NA	0	NaN	NaN	NaN
EUR/6/11910130-14328035	1	1	0	0	NA	NA	0	NA	0	0	NaN	NaN
EUR/6/14328035-16807772	0	0	NA	0	NA	NA	0	NA	0	NaN	NaN	NaN
EUR/6/16807772-18318442	0	0	NA	0	NA	NA	0	NA	0	NaN	NaN	NaN
EUR/6/18318442-21478455	2	2	5358.5	1	21	7	1	1	1	2	15	495
EUR/6/21478455-22749380	0	0	NA	0	NA	NA	0	NA	0	NaN	NaN	NaN
EUR/6/22749380-24582634	0	0	NA	0	NA	NA	0	NA	0	NaN	NaN	NaN
EUR/6/24582634-25684378	0	0	NA	0	NA	NA	0	NA	0	NaN	NaN	NaN
EUR/6/25684378-27258180	3	3	1871.3333333333333	1	127	12	1	1	1	0.666666666666667	10	111
EUR/6/27258180-28904669	2	2	2913	1	210	14	1	1	1	1	10	109
EUR/6/28904669-30106780	1	1	3391	1	595	22	1	1	1	1	46	293
EUR/6/30106780-30425675	1	1	879	1	124	3	1	1	1	1	3	27
EUR/6/30425675-31282730	1	1	5228	1	78	2	1	1	1	2	8	233
EUR/6/31282730-32518958	3	3	5818	3	354	12	3	1	3	2.66666666666667	42	305.666666666667
EUR/6/32518958-32648562	2	2	3476.5	2	438.5	12	2	1	2	1	15.5	32
EUR/6/32648562-32877952	3	3	2599.6666666666665	3	197.33333333333334	5.666666666666667	3	1	3	1	11	66.3333333333333
EUR/6/32877952-33988587	1	1	1808	1	463	16	1	1	1	2	39	177
EUR/6/33988587-34671459	1	1	3913	1	39	6	1	1	1	1	3	34
EUR/6/34671459-37606796	1	1	4092	1	144	27	1	4	0	2	29	612
EUR/6/37606796-38719920	1	1	0	0	NA	NA	0	NA	0	0	NaN	NaN
EUR/6/38719920-40444994	2	2	3767	1	10	1	1	1	1	1	5	177
EUR/6/40444994-41655647	2	2	0	0	NA	NA	0	NA	0	0	NaN	NaN
EUR/6/41655647-43990869	1	1	2543	1	50	13	1	6	0	3	7	530
EUR/6/43990869-45126702	0	0	NA	0	NA	NA	0	NA	0	NaN	NaN	NaN
EUR/6/45126702-47741960	0	0	NA	0	NA	NA	0	NA	0	NaN	NaN	NaN
EUR/6/47741960-49528149	0	0	NA	0	NA	NA	0	NA	0	NaN	NaN	NaN
EUR/6/49528149-52346029	3	3	3467	1	223	20	1	1	1	1	30	347
EUR/6/52346029-53939938	0	0	NA	0	NA	NA	0	NA	0	NaN	NaN	NaN
EUR/6/53939938-56175027	0	0	NA	0	NA	NA	0	NA	0	NaN	NaN	NaN
EUR/6/56175027-60230066	0	0	NA	0	NA	NA	0	NA	0	NaN	NaN	NaN
EUR/6/60230066-61784470	0	0	NA	0	NA	NA	0	NA	0	NaN	NaN	NaN
EUR/6/61784470-62899114	0	0	NA	0	NA	NA	0	NA	0	NaN	NaN	NaN
EUR/6/62899114-65054061	0	0	NA	0	NA	NA	0	NA	0	NaN	NaN	NaN
EUR/6/65054061-66847728	0	0	NA	0	NA	NA	0	NA	0	NaN	NaN	NaN
EUR/6/66847728-67719791	0	0	NA	0	NA	NA	0	NA	0	NaN	NaN	NaN
EUR/6/67719791-69687608	0	0	NA	0	NA	NA	0	NA	0	NaN	NaN	NaN
EUR/6/69687608-70899681	1	1	0	0	NA	NA	0	NA	0	0	NaN	NaN
EUR/6/70899681-72462921	0	0	NA	0	NA	NA	0	NA	0	NaN	NaN	NaN
EUR/6/72462921-74752287	0	0	NA	0	NA	NA	0	NA	0	NaN	NaN	NaN
EUR/6/74752287-76553063	0	0	NA	0	NA	NA	0	NA	0	NaN	NaN	NaN
EUR/6/76553063-79155850	0	0	NA	0	NA	NA	0	NA	0	NaN	NaN	NaN
EUR/6/79155850-81682629	0	0	NA	0	NA	NA	0	NA	0	NaN	NaN	NaN
EUR/6/81682629-84499974	1	1	0	0	NA	NA	0	NA	0	0	NaN	NaN
EUR/6/84499974-85531233	0	0	NA	0	NA	NA	0	NA	0	NaN	NaN	NaN
EUR/6/85531233-87831851	0	0	NA	0	NA	NA	0	NA	0	NaN	NaN	NaN
EUR/6/87831851-89042663	0	0	NA	0	NA	NA	0	NA	0	NaN	NaN	NaN
EUR/6/89042663-90500688	2	2	844.5	1	74	14	1	7	0	1	7	117
EUR/6/90500688-93017419	0	0	NA	0	NA	NA	0	NA	0	NaN	NaN	NaN
EUR/6/93017419-94482868	0	0	NA	0	NA	NA	0	NA	0	NaN	NaN	NaN
EUR/6/94482868-96670985	0	0	NA	0	NA	NA	0	NA	0	NaN	NaN	NaN
EUR/6/96670985-99226864	0	0	NA	0	NA	NA	0	NA	0	NaN	NaN	NaN
EUR/6/99226864-101418492	0	0	NA	0	NA	NA	0	NA	0	NaN	NaN	NaN
EUR/6/101418492-103534761	0	0	NA	0	NA	NA	0	NA	0	NaN	NaN	NaN
EUR/6/103534761-105505471	0	0	NA	0	NA	NA	0	NA	0	NaN	NaN	NaN
EUR/6/105505471-107099183	0	0	NA	0	NA	NA	0	NA	0	NaN	NaN	NaN
EUR/6/107099183-109962510	3	3	4268.666666666667	2	77.5	6	2	2	1	2	8.5	132
EUR/6/109962510-111111870	0	0	NA	0	NA	NA	0	NA	0	NaN	NaN	NaN
EUR/6/111111870-114281525	0	0	NA	0	NA	NA	0	NA	0	NaN	NaN	NaN
EUR/6/114281525-115810926	0	0	NA	0	NA	NA	0	NA	0	NaN	NaN	NaN
EUR/6/115810926-118755755	0	0	NA	0	NA	NA	0	NA	0	NaN	NaN	NaN
EUR/6/118755755-119208045	0	0	NA	0	NA	NA	0	NA	0	NaN	NaN	NaN
EUR/6/119208045-122787562	1	1	0	0	NA	NA	0	NA	0	1	NaN	NaN
EUR/6/122787562-123977212	0	0	NA	0	NA	NA	0	NA	0	NaN	NaN	NaN
EUR/6/123977212-126255600	0	0	NA	0	NA	NA	0	NA	0	NaN	NaN	NaN
EUR/6/126255600-129539492	0	0	NA	0	NA	NA	0	NA	0	NaN	NaN	NaN
EUR/6/129539492-130615104	1	1	3722	1	17	3	1	1	1	3	2	79
EUR/6/130615104-132391287	0	0	NA	0	NA	NA	0	NA	0	NaN	NaN	NaN
EUR/6/132391287-134250058	0	0	NA	0	NA	NA	0	NA	0	NaN	NaN	NaN
EUR/6/134250058-136986161	1	1	3610	1	122	12	2	7	0	3	13	568
EUR/6/136986161-139524383	0	0	NA	0	NA	NA	0	NA	0	NaN	NaN	NaN
EUR/6/139524383-143401375	1	1	14480	1	22	4	1	1	1	4	6	375
EUR/6/143401375-145703109	2	2	0	0	NA	NA	0	NA	0	0.5	NaN	NaN
EUR/6/145703109-147860456	0	0	NA	0	NA	NA	0	NA	0	NaN	NaN	NaN
EUR/6/147860456-148895740	0	0	NA	0	NA	NA	0	NA	0	NaN	NaN	NaN
EUR/6/148895740-151319866	1	1	0	0	NA	NA	0	NA	0	1	NaN	NaN
EUR/6/151319866-153379899	1	1	7865	1	11	2	1	3	0	3	3	41
EUR/6/153379899-157125091	1	1	0	0	NA	NA	0	NA	0	1	NaN	NaN
EUR/6/157125091-159132623	1	1	0	0	NA	NA	0	NA	0	1	NaN	NaN
EUR/6/159132623-161426875	2	2	4204	1	28	2	1	1	1	2	5	263
EUR/6/161426875-163903218	0	0	NA	0	NA	NA	0	NA	0	NaN	NaN	NaN
EUR/6/163903218-165669738	0	0	NA	0	NA	NA	0	NA	0	NaN	NaN	NaN
EUR/6/165669738-167301917	0	0	NA	0	NA	NA	0	NA	0	NaN	NaN	NaN
EUR/6/167301917-169069606	0	0	NA	0	NA	NA	0	NA	0	NaN	NaN	NaN
EUR/6/169069606-170741882	1	1	0	0	NA	NA	0	NA	0	0	NaN	NaN
EUR/7/31439-386899	0	0	NA	0	NA	NA	0	NA	0	NaN	NaN	NaN
EUR/7/386899-1286744	0	0	NA	0	NA	NA	0	NA	0	NaN	NaN	NaN
EUR/7/1286744-2441094	0	0	NA	0	NA	NA	0	NA	0	NaN	NaN	NaN
EUR/7/2441094-3307193	3	3	1953.6666666666667	2	33.5	5.5	2	3	0	1.33333333333333	4	17
EUR/7/3307193-4890158	1	1	0	0	NA	NA	0	NA	0	0	NaN	NaN
EUR/7/4890158-6804943	3	3	1287.3333333333333	1	0	0	1	1	0	1	3	15
EUR/7/6804943-8222341	0	0	NA	0	NA	NA	0	NA	0	NaN	NaN	NaN
EUR/7/8222341-9159491	0	0	NA	0	NA	NA	0	NA	0	NaN	NaN	NaN
EUR/7/9159491-11260027	0	0	NA	0	NA	NA	0	NA	0	NaN	NaN	NaN
EUR/7/11260027-12650793	0	0	NA	0	NA	NA	0	NA	0	NaN	NaN	NaN
EUR/7/12650793-14101970	0	0	NA	0	NA	NA	0	NA	0	NaN	NaN	NaN
EUR/7/14101970-15566660	0	0	NA	0	NA	NA	0	NA	0	NaN	NaN	NaN
EUR/7/15566660-16696135	0	0	NA	0	NA	NA	0	NA	0	NaN	NaN	NaN
EUR/7/16696135-18904701	1	1	2861	1	8	3	1	1	0	3	4	41
EUR/7/18904701-21029233	1	1	2732	1	94	8	1	2	0	4	10	58
EUR/7/21029233-22732641	1	1	2274	1	43	9	1	2	0	3	5	30
EUR/7/22732641-25868614	0	0	NA	0	NA	NA	0	NA	0	NaN	NaN	NaN
EUR/7/25868614-28672186	0	0	NA	0	NA	NA	0	NA	0	NaN	NaN	NaN
EUR/7/28672186-30898577	1	1	0	0	NA	NA	0	NA	0	1	NaN	NaN
EUR/7/30898577-33516229	0	0	NA	0	NA	NA	0	NA	0	NaN	NaN	NaN
EUR/7/33516229-35316362	0	0	NA	0	NA	NA	0	NA	0	NaN	NaN	NaN
EUR/7/35316362-38128414	1	1	3534	1	14	4	1	1	0	4	7	64
EUR/7/38128414-39031476	0	0	NA	0	NA	NA	0	NA	0	NaN	NaN	NaN
EUR/7/39031476-41380211	0	0	NA	0	NA	NA	0	NA	0	NaN	NaN	NaN
EUR/7/41380211-43407985	0	0	NA	0	NA	NA	0	NA	0	NaN	NaN	NaN
EUR/7/43407985-44031335	0	0	NA	0	NA	NA	0	NA	0	NaN	NaN	NaN
EUR/7/44031335-45205717	1	1	0	0	NA	NA	0	NA	0	1	NaN	NaN
EUR/7/45205717-47883168	0	0	NA	0	NA	NA	0	NA	0	NaN	NaN	NaN
EUR/7/47883168-50325467	2	2	1477.5	1	40	4	1	3	0	2	8	81
EUR/7/50325467-53108926	1	1	3698	1	45	9	1	2	0	4	15	114
EUR/7/53108926-55111707	0	0	NA	0	NA	NA	0	NA	0	NaN	NaN	NaN
EUR/7/55111707-57315276	0	0	NA	0	NA	NA	0	NA	0	NaN	NaN	NaN
EUR/7/57315276-63654184	0	0	NA	0	NA	NA	0	NA	0	NaN	NaN	NaN
EUR/7/63654184-65820738	0	0	NA	0	NA	NA	0	NA	0	NaN	NaN	NaN
EUR/7/65820738-66485627	0	0	NA	0	NA	NA	0	NA	0	NaN	NaN	NaN
EUR/7/66485627-68062875	0	0	NA	0	NA	NA	0	NA	0	NaN	NaN	NaN
EUR/7/68062875-68545870	0	0	NA	0	NA	NA	0	NA	0	NaN	NaN	NaN
EUR/7/68545870-70670275	0	0	NA	0	NA	NA	0	NA	0	NaN	NaN	NaN
EUR/7/70670275-73268404	1	1	0	0	NA	NA	0	NA	0	1	NaN	NaN
EUR/7/73268404-75960520	2	2	1344.5	1	47	6	3	5	0	1.5	8	344
EUR/7/75960520-78464626	2	2	1337.5	1	125	28	1	4	0	1.5	12	645
EUR/7/78464626-80130516	0	0	NA	0	NA	NA	0	NA	0	NaN	NaN	NaN
EUR/7/80130516-82385917	0	0	NA	0	NA	NA	0	NA	0	NaN	NaN	NaN
EUR/7/82385917-83133485	0	0	NA	0	NA	NA	0	NA	0	NaN	NaN	NaN
EUR/7/83133485-85728180	0	0	NA	0	NA	NA	0	NA	0	NaN	NaN	NaN
EUR/7/85728180-89107878	0	0	NA	0	NA	NA	0	NA	0	NaN	NaN	NaN
EUR/7/89107878-91112059	1	1	0	0	NA	NA	0	NA	0	1	NaN	NaN
EUR/7/91112059-93388705	2	2	4861.5	2	58	9	1	3.5	1	2.5	4.5	333.142857142857
EUR/7/93388705-96407667	1	1	0	0	NA	NA	0	NA	0	0	NaN	NaN
EUR/7/96407667-97471491	0	0	NA	0	NA	NA	0	NA	0	NaN	NaN	NaN
EUR/7/97471491-99354376	1	1	0	0	NA	NA	0	NA	0	1	NaN	NaN
EUR/7/99354376-102496129	0	0	NA	0	NA	NA	0	NA	0	NaN	NaN	NaN
EUR/7/102496129-102919930	0	0	NA	0	NA	NA	0	NA	0	NaN	NaN	NaN
EUR/7/102919930-104212508	1	1	0	0	NA	NA	0	NA	0	1	NaN	NaN
EUR/7/104212508-106310044	0	0	NA	0	NA	NA	0	NA	0	NaN	NaN	NaN
EUR/7/106310044-107964837	0	0	NA	0	NA	NA	0	NA	0	NaN	NaN	NaN
EUR/7/107964837-110008212	0	0	NA	0	NA	NA	0	NA	0	NaN	NaN	NaN
EUR/7/110008212-111907143	0	0	NA	0	NA	NA	0	NA	0	NaN	NaN	NaN
EUR/7/111907143-115285268	0	0	NA	0	NA	NA	0	NA	0	NaN	NaN	NaN
EUR/7/115285268-116587257	0	0	NA	0	NA	NA	0	NA	0	NaN	NaN	NaN
EUR/7/116587257-118713025	1	1	0	0	NA	NA	0	NA	0	0	NaN	NaN
EUR/7/118713025-122294601	0	0	NA	0	NA	NA	0	NA	0	NaN	NaN	NaN
EUR/7/122294601-125290984	0	0	NA	0	NA	NA	0	NA	0	NaN	NaN	NaN
EUR/7/125290984-128269098	1	1	0	0	NA	NA	0	NA	0	0	NaN	NaN
EUR/7/128269098-131949760	1	1	0	0	NA	NA	0	NA	0	0	NaN	NaN
EUR/7/131949760-133309880	0	0	NA	0	NA	NA	0	NA	0	NaN	NaN	NaN
EUR/7/133309880-136288228	0	0	NA	0	NA	NA	0	NA	0	NaN	NaN	NaN
EUR/7/136288228-138403410	0	0	NA	0	NA	NA	0	NA	0	NaN	NaN	NaN
EUR/7/138403410-140483185	0	0	NA	0	NA	NA	0	NA	0	NaN	NaN	NaN
EUR/7/140483185-144260137	0	0	NA	0	NA	NA	0	NA	0	NaN	NaN	NaN
EUR/7/144260137-144581155	0	0	NA	0	NA	NA	0	NA	0	NaN	NaN	NaN
EUR/7/144581155-146882329	0	0	NA	0	NA	NA	0	NA	0	NaN	NaN	NaN
EUR/7/146882329-148057181	0	0	NA	0	NA	NA	0	NA	0	NaN	NaN	NaN
EUR/7/148057181-150144923	1	1	3047	1	118	10	1	2	0	2	17	48
EUR/7/150144923-151346135	2	2	3573	2	4.5	1.5	2	1	0	1	2	15.5
EUR/7/151346135-153300525	1	1	0	0	NA	NA	0	NA	0	0	NaN	NaN
EUR/7/153300525-154760466	0	0	NA	0	NA	NA	0	NA	0	NaN	NaN	NaN
EUR/7/154760466-155990172	0	0	NA	0	NA	NA	0	NA	0	NaN	NaN	NaN
EUR/7/155990172-157775938	0	0	NA	0	NA	NA	0	NA	0	NaN	NaN	NaN
EUR/7/157775938-159334873	0	0	NA	0	NA	NA	0	NA	0	NaN	NaN	NaN
EUR/8/71179-566193	0	0	NA	0	NA	NA	0	NA	0	NaN	NaN	NaN
EUR/8/566193-1213521	0	0	NA	0	NA	NA	0	NA	0	NaN	NaN	NaN
EUR/8/1213521-2066999	0	0	NA	0	NA	NA	0	NA	0	NaN	NaN	NaN
EUR/8/2066999-2937908	0	0	NA	0	NA	NA	0	NA	0	NaN	NaN	NaN
EUR/8/2937908-3535190	0	0	NA	0	NA	NA	0	NA	0	NaN	NaN	NaN
EUR/8/3535190-4622470	0	0	NA	0	NA	NA	0	NA	0	NaN	NaN	NaN
EUR/8/4622470-5034204	0	0	NA	0	NA	NA	0	NA	0	NaN	NaN	NaN
EUR/8/5034204-6284823	0	0	NA	0	NA	NA	0	NA	0	NaN	NaN	NaN
EUR/8/6284823-6826893	0	0	NA	0	NA	NA	0	NA	0	NaN	NaN	NaN
EUR/8/6826893-8879954	1	1	0	0	NA	NA	0	NA	0	0	NaN	NaN
EUR/8/8879954-9819706	1	1	2786	1	0	0	1	1	0	1	2	14
EUR/8/9819706-11624755	0	0	NA	0	NA	NA	0	NA	0	NaN	NaN	NaN
EUR/8/11624755-13538501	0	0	NA	0	NA	NA	0	NA	0	NaN	NaN	NaN
EUR/8/13538501-14087524	0	0	NA	0	NA	NA	0	NA	0	NaN	NaN	NaN
EUR/8/14087524-15440595	0	0	NA	0	NA	NA	0	NA	0	NaN	NaN	NaN
EUR/8/15440595-16183724	1	1	2259	1	0	0	2	2	0	3	2	17
EUR/8/16183724-17133745	1	1	2681	1	4	0	2	2	0	3	3	18
EUR/8/17133745-18658702	1	1	4632	1	5	1	2	2	0	5	8	72
EUR/8/18658702-19634643	0	0	NA	0	NA	NA	0	NA	0	NaN	NaN	NaN
EUR/8/19634643-20281092	0	0	NA	0	NA	NA	0	NA	0	NaN	NaN	NaN
EUR/8/20281092-22159255	1	1	3307	1	20	7	1	1	0	2	7	27
EUR/8/22159255-23693608	2	2	1124	1	43	8	1	5	0	1	7	243
EUR/8/23693608-24116062	0	0	NA	0	NA	NA	0	NA	0	NaN	NaN	NaN
EUR/8/24116062-26825097	0	0	NA	0	NA	NA	0	NA	0	NaN	NaN	NaN
EUR/8/26825097-27902108	1	1	0	0	NA	NA	0	NA	0	0	NaN	NaN
EUR/8/27902108-31277048	1	1	0	0	NA	NA	0	NA	0	0	NaN	NaN
EUR/8/31277048-33209476	0	0	NA	0	NA	NA	0	NA	0	NaN	NaN	NaN
EUR/8/33209476-37613538	0	0	NA	0	NA	NA	0	NA	0	NaN	NaN	NaN
EUR/8/37613538-39925906	0	0	NA	0	NA	NA	0	NA	0	NaN	NaN	NaN
EUR/8/39925906-40678173	0	0	NA	0	NA	NA	0	NA	0	NaN	NaN	NaN
EUR/8/40678173-41866032	0	0	NA	0	NA	NA	0	NA	0	NaN	NaN	NaN
EUR/8/41866032-45930525	2	2	0	0	NA	NA	0	NA	0	0	NaN	NaN
EUR/8/45930525-48677525	1	1	4981	1	206	25	1	2	0	2	18	34
EUR/8/48677525-52101256	0	0	NA	0	NA	NA	0	NA	0	NaN	NaN	NaN
EUR/8/52101256-54355052	0	0	NA	0	NA	NA	0	NA	0	NaN	NaN	NaN
EUR/8/54355052-56595548	2	2	5131	1	15	5	1	1	1	0.5	3	205
EUR/8/56595548-59068223	1	1	3735	1	2	0	1	1	0	2	3	25
EUR/8/59068223-61096254	2	2	3289	2	22.5	5.5	3	1.5	0	2	3	32
EUR/8/61096254-63302015	0	0	NA	0	NA	NA	0	NA	0	NaN	NaN	NaN
EUR/8/63302015-64364160	0	0	NA	0	NA	NA	0	NA	0	NaN	NaN	NaN
EUR/8/64364160-67657509	0	0	NA	0	NA	NA	0	NA	0	NaN	NaN	NaN
EUR/8/67657509-68950864	0	0	NA	0	NA	NA	0	NA	0	NaN	NaN	NaN
EUR/8/68950864-72257032	1	1	0	0	NA	NA	0	NA	0	0	NaN	NaN
EUR/8/72257032-72924821	1	1	1692	1	4	1	1	2	0	1	2	6
EUR/8/72924821-73688159	0	0	NA	0	NA	NA	0	NA	0	NaN	NaN	NaN
EUR/8/73688159-76466674	0	0	NA	0	NA	NA	0	NA	0	NaN	NaN	NaN
EUR/8/76466674-78839895	0	0	NA	0	NA	NA	0	NA	0	NaN	NaN	NaN
EUR/8/78839895-80453471	0	0	NA	0	NA	NA	0	NA	0	NaN	NaN	NaN
EUR/8/80453471-82816871	1	1	0	0	NA	NA	0	NA	0	1	NaN	NaN
EUR/8/82816871-84202208	0	0	NA	0	NA	NA	0	NA	0	NaN	NaN	NaN
EUR/8/84202208-88074311	0	0	NA	0	NA	NA	0	NA	0	NaN	NaN	NaN
EUR/8/88074311-89625972	0	0	NA	0	NA	NA	0	NA	0	NaN	NaN	NaN
EUR/8/89625972-93995322	0	0	NA	0	NA	NA	0	NA	0	NaN	NaN	NaN
EUR/8/93995322-95522578	0	0	NA	0	NA	NA	0	NA	0	NaN	NaN	NaN
EUR/8/95522578-98079825	0	0	NA	0	NA	NA	0	NA	0	NaN	NaN	NaN
EUR/8/98079825-100487356	1	1	0	0	NA	NA	0	NA	0	0	NaN	NaN
EUR/8/100487356-102719354	0	0	NA	0	NA	NA	0	NA	0	NaN	NaN	NaN
EUR/8/102719354-103865639	0	0	NA	0	NA	NA	0	NA	0	NaN	NaN	NaN
EUR/8/103865639-107380234	0	0	NA	0	NA	NA	0	NA	0	NaN	NaN	NaN
EUR/8/107380234-109750972	0	0	NA	0	NA	NA	0	NA	0	NaN	NaN	NaN
EUR/8/109750972-113771608	0	0	NA	0	NA	NA	0	NA	0	NaN	NaN	NaN
EUR/8/113771608-117286508	0	0	NA	0	NA	NA	0	NA	0	NaN	NaN	NaN
EUR/8/117286508-120544782	0	0	NA	0	NA	NA	0	NA	0	NaN	NaN	NaN
EUR/8/120544782-122785250	0	0	NA	0	NA	NA	0	NA	0	NaN	NaN	NaN
EUR/8/122785250-125397972	0	0	NA	0	NA	NA	0	NA	0	NaN	NaN	NaN
EUR/8/125397972-127646000	0	0	NA	0	NA	NA	0	NA	0	NaN	NaN	NaN
EUR/8/127646000-129685072	1	1	2437	1	111	19	2	6	0	2	18	537
EUR/8/129685072-131608576	0	0	NA	0	NA	NA	0	NA	0	NaN	NaN	NaN
EUR/8/131608576-134397226	0	0	NA	0	NA	NA	0	NA	0	NaN	NaN	NaN
EUR/8/134397226-136298929	1	1	6004	1	12	3	1	1	1	2	8	190
EUR/8/136298929-138243881	0	0	NA	0	NA	NA	0	NA	0	NaN	NaN	NaN
EUR/8/138243881-140485790	0	0	NA	0	NA	NA	0	NA	0	NaN	NaN	NaN
EUR/8/140485790-141601120	2	2	0	0	NA	NA	0	NA	0	0	NaN	NaN
EUR/8/141601120-143133213	1	1	0	0	NA	NA	0	NA	0	0	NaN	NaN
EUR/8/143133213-145075767	2	2	1502	1	45	13	1	3	0	1	10	28
EUR/9/10648-902256	1	1	0	0	NA	NA	0	NA	0	0	NaN	NaN
EUR/9/902256-2170859	0	0	NA	0	NA	NA	0	NA	0	NaN	NaN	NaN
EUR/9/2170859-3996794	1	1	0	0	NA	NA	0	NA	0	0	NaN	NaN
EUR/9/3996794-5557422	1	1	2664	1	176	19	1	5	0	2	20	249
EUR/9/5557422-7376754	2	2	1254	1	261	50	1	4	0	1	32	353
EUR/9/7376754-8813600	0	0	NA	0	NA	NA	0	NA	0	NaN	NaN	NaN
EUR/9/8813600-9919288	0	0	NA	0	NA	NA	0	NA	0	NaN	NaN	NaN
EUR/9/9919288-10879198	0	0	NA	0	NA	NA	0	NA	0	NaN	NaN	NaN
EUR/9/10879198-12275026	0	0	NA	0	NA	NA	0	NA	0	NaN	NaN	NaN
EUR/9/12275026-14334668	0	0	NA	0	NA	NA	0	NA	0	NaN	NaN	NaN
EUR/9/14334668-16658917	0	0	NA	0	NA	NA	0	NA	0	NaN	NaN	NaN
EUR/9/16658917-17986407	0	0	NA	0	NA	NA	0	NA	0	NaN	NaN	NaN
EUR/9/17986407-20472385	0	0	NA	0	NA	NA	0	NA	0	NaN	NaN	NaN
EUR/9/20472385-23084615	0	0	NA	0	NA	NA	0	NA	0	NaN	NaN	NaN
EUR/9/23084615-25566147	0	0	NA	0	NA	NA	0	NA	0	NaN	NaN	NaN
EUR/9/25566147-27637396	0	0	NA	0	NA	NA	0	NA	0	NaN	NaN	NaN
EUR/9/27637396-28885932	0	0	NA	0	NA	NA	0	NA	0	NaN	NaN	NaN
EUR/9/28885932-31590323	0	0	NA	0	NA	NA	0	NA	0	NaN	NaN	NaN
EUR/9/31590323-32738472	0	0	NA	0	NA	NA	0	NA	0	NaN	NaN	NaN
EUR/9/32738472-35906658	5	5	2031.2	3	3	0.3333333333333333	3	1	0	0.8	7	20
EUR/9/35906658-37684756	0	0	NA	0	NA	NA	0	NA	0	NaN	NaN	NaN
EUR/9/37684756-43269938	0	0	NA	0	NA	NA	0	NA	0	NaN	NaN	NaN
EUR/9/43269938-69277370	1	1	0	0	NA	NA	0	NA	0	0	NaN	NaN
EUR/9/69277370-70487377	0	0	NA	0	NA	NA	0	NA	0	NaN	NaN	NaN
EUR/9/70487377-73177385	0	0	NA	0	NA	NA	0	NA	0	NaN	NaN	NaN
EUR/9/73177385-76027312	0	0	NA	0	NA	NA	0	NA	0	NaN	NaN	NaN
EUR/9/76027312-77520738	0	0	NA	0	NA	NA	0	NA	0	NaN	NaN	NaN
EUR/9/77520738-79735850	0	0	NA	0	NA	NA	0	NA	0	NaN	NaN	NaN
EUR/9/79735850-80842405	0	0	NA	0	NA	NA	0	NA	0	NaN	NaN	NaN
EUR/9/80842405-82816524	0	0	NA	0	NA	NA	0	NA	0	NaN	NaN	NaN
EUR/9/82816524-84085678	0	0	NA	0	NA	NA	0	NA	0	NaN	NaN	NaN
EUR/9/84085678-86107180	0	0	NA	0	NA	NA	0	NA	0	NaN	NaN	NaN
EUR/9/86107180-86578838	0	0	NA	0	NA	NA	0	NA	0	NaN	NaN	NaN
EUR/9/86578838-88776717	0	0	NA	0	NA	NA	0	NA	0	NaN	NaN	NaN
EUR/9/88776717-90896966	0	0	NA	0	NA	NA	0	NA	0	NaN	NaN	NaN
EUR/9/90896966-92118238	1	1	1658	1	61	7	1	1	0	2	7	24
EUR/9/92118238-93743725	0	0	NA	0	NA	NA	0	NA	0	NaN	NaN	NaN
EUR/9/93743725-96321740	0	0	NA	0	NA	NA	0	NA	0	NaN	NaN	NaN
EUR/9/96321740-98446006	3	3	0	0	NA	NA	0	NA	0	0	NaN	NaN
EUR/9/98446006-101111504	1	1	0	0	NA	NA	0	NA	0	0	NaN	NaN
EUR/9/101111504-103206819	0	0	NA	0	NA	NA	0	NA	0	NaN	NaN	NaN
EUR/9/103206819-104914477	0	0	NA	0	NA	NA	0	NA	0	NaN	NaN	NaN
EUR/9/104914477-107877673	0	0	NA	0	NA	NA	0	NA	0	NaN	NaN	NaN
EUR/9/107877673-110325860	0	0	NA	0	NA	NA	0	NA	0	NaN	NaN	NaN
EUR/9/110325860-112069748	2	2	1015	1	66	16	1	1	0	1	10	50
EUR/9/112069748-114257332	0	0	NA	0	NA	NA	0	NA	0	NaN	NaN	NaN
EUR/9/114257332-116276894	2	2	1245	1	27	3	1	2	0	1	14	37
EUR/9/116276894-117971434	0	0	NA	0	NA	NA	0	NA	0	NaN	NaN	NaN
EUR/9/117971434-119020547	0	0	NA	0	NA	NA	0	NA	0	NaN	NaN	NaN
EUR/9/119020547-121609349	0	0	NA	0	NA	NA	0	NA	0	NaN	NaN	NaN
EUR/9/121609349-124208624	0	0	NA	0	NA	NA	0	NA	0	NaN	NaN	NaN
EUR/9/124208624-126717310	0	0	NA	0	NA	NA	0	NA	0	NaN	NaN	NaN
EUR/9/126717310-127442497	1	1	0	0	NA	NA	0	NA	0	0	NaN	NaN
EUR/9/127442497-130234858	2	2	0	0	NA	NA	0	NA	0	0	NaN	NaN
EUR/9/130234858-131671545	1	1	0	0	NA	NA	0	NA	0	0	NaN	NaN
EUR/9/131671545-133622201	3	3	2046.6666666666667	2	68.5	15	3	5.5	0	1.33333333333333	12.5	405.090909090909
EUR/9/133622201-134697433	1	1	2149	1	36	4	1	1	0	1	6	18
EUR/9/134697433-136067443	2	2	0	0	NA	NA	0	NA	0	0	NaN	NaN
EUR/9/136067443-136747654	4	4	750.5	2	20.5	3	2	1	0	0.5	1.5	7
EUR/9/136747654-138221689	2	2	2174.5	1	0	0	1	1	0	0.5	6	13
EUR/10/11501-1705475	1	1	3361	1	46	4	1	1	0	1	7	27
EUR/10/1705475-2953433	0	0	NA	0	NA	NA	0	NA	0	NaN	NaN	NaN
EUR/10/2953433-4260647	0	0	NA	0	NA	NA	0	NA	0	NaN	NaN	NaN
EUR/10/4260647-5353477	0	0	NA	0	NA	NA	0	NA	0	NaN	NaN	NaN
EUR/10/5353477-6576860	1	1	1703	1	35	8	1	3	0	1	8	34
EUR/10/6576860-8733172	1	1	3113	1	62	6	2	7	0	3	20	922
EUR/10/8733172-10502538	1	1	2193	1	160	16	5	10	0	2	16	344
EUR/10/10502538-12817069	1	1	0	0	NA	NA	0	NA	0	0	NaN	NaN
EUR/10/12817069-14370880	0	0	NA	0	NA	NA	0	NA	0	NaN	NaN	NaN
EUR/10/14370880-14854549	0	0	NA	0	NA	NA	0	NA	0	NaN	NaN	NaN
EUR/10/14854549-16509768	1	1	0	0	NA	NA	0	NA	0	0	NaN	NaN
EUR/10/16509768-18247798	2	2	2906	2	244.5	89.5	2	1	0	2	28	34.5
EUR/10/18247798-19429335	0	0	NA	0	NA	NA	0	NA	0	NaN	NaN	NaN
EUR/10/19429335-20628450	0	0	NA	0	NA	NA	0	NA	0	NaN	NaN	NaN
EUR/10/20628450-23411554	0	0	NA	0	NA	NA	0	NA	0	NaN	NaN	NaN
EUR/10/23411554-25709995	1	1	0	0	NA	NA	0	NA	0	0	NaN	NaN
EUR/10/25709995-26597717	1	1	1014	1	57	3	1	2	0	2	3	21
EUR/10/26597717-28447474	0	0	NA	0	NA	NA	0	NA	0	NaN	NaN	NaN
EUR/10/28447474-29996990	2	2	1100.5	1	46	4	1	1	0	1	11	39
EUR/10/29996990-32165756	0	0	NA	0	NA	NA	0	NA	0	NaN	NaN	NaN
EUR/10/32165756-33912977	0	0	NA	0	NA	NA	0	NA	0	NaN	NaN	NaN
EUR/10/33912977-36185218	0	0	NA	0	NA	NA	0	NA	0	NaN	NaN	NaN
EUR/10/36185218-37545448	0	0	NA	0	NA	NA	0	NA	0	NaN	NaN	NaN
EUR/10/37545448-41707258	1	1	0	0	NA	NA	0	NA	0	0	NaN	NaN
EUR/10/41707258-44040315	0	0	NA	0	NA	NA	0	NA	0	NaN	NaN	NaN
EUR/10/44040315-47907130	1	1	0	0	NA	NA	0	NA	0	0	NaN	NaN
EUR/10/47907130-49632652	0	0	NA	0	NA	NA	0	NA	0	NaN	NaN	NaN
EUR/10/49632652-51840359	0	0	NA	0	NA	NA	0	NA	0	NaN	NaN	NaN
EUR/10/51840359-53122778	0	0	NA	0	NA	NA	0	NA	0	NaN	NaN	NaN
EUR/10/53122778-55128368	0	0	NA	0	NA	NA	0	NA	0	NaN	NaN	NaN
EUR/10/55128368-56582711	0	0	NA	0	NA	NA	0	NA	0	NaN	NaN	NaN
EUR/10/56582711-57664823	0	0	NA	0	NA	NA	0	NA	0	NaN	NaN	NaN
EUR/10/57664823-59627093	0	0	NA	0	NA	NA	0	NA	0	NaN	NaN	NaN
EUR/10/59627093-61150606	1	1	0	0	NA	NA	0	NA	0	0	NaN	NaN
EUR/10/61150606-64035328	2	2	3898.5	2	87.5	13.5	2	1	1	2	12	199
EUR/10/64035328-66007376	0	0	NA	0	NA	NA	0	NA	0	NaN	NaN	NaN
EUR/10/66007376-68140688	0	0	NA	0	NA	NA	0	NA	0	NaN	NaN	NaN
EUR/10/68140688-70119340	0	0	NA	0	NA	NA	0	NA	0	NaN	NaN	NaN
EUR/10/70119340-71298712	0	0	NA	0	NA	NA	0	NA	0	NaN	NaN	NaN
EUR/10/71298712-73939296	1	1	0	0	NA	NA	0	NA	0	0	NaN	NaN
EUR/10/73939296-77446959	0	0	NA	0	NA	NA	0	NA	0	NaN	NaN	NaN
EUR/10/77446959-78702920	0	0	NA	0	NA	NA	0	NA	0	NaN	NaN	NaN
EUR/10/78702920-80126241	0	0	NA	0	NA	NA	0	NA	0	NaN	NaN	NaN
EUR/10/80126241-82623521	0	0	NA	0	NA	NA	0	NA	0	NaN	NaN	NaN
EUR/10/82623521-84163216	0	0	NA	0	NA	NA	0	NA	0	NaN	NaN	NaN
EUR/10/84163216-85527102	0	0	NA	0	NA	NA	0	NA	0	NaN	NaN	NaN
EUR/10/85527102-87392430	0	0	NA	0	NA	NA	0	NA	0	NaN	NaN	NaN
EUR/10/87392430-89889663	3	3	1184	1	63	15	1	4	0	1.33333333333333	10	721
EUR/10/89889663-93087358	1	1	3676	1	104	24	1	3	0	3	22	114
EUR/10/93087358-95307050	2	2	0	0	NA	NA	0	NA	0	0	NaN	NaN
EUR/10/95307050-98322738	1	1	0	0	NA	NA	0	NA	0	0	NaN	NaN
EUR/10/98322738-100331627	0	0	NA	0	NA	NA	0	NA	0	NaN	NaN	NaN
EUR/10/100331627-104382250	1	1	16237	1	35	4	1	1	1	3	13	331
EUR/10/104382250-106967371	0	0	NA	0	NA	NA	0	NA	0	NaN	NaN	NaN
EUR/10/106967371-108557529	0	0	NA	0	NA	NA	0	NA	0	NaN	NaN	NaN
EUR/10/108557529-109285213	0	0	NA	0	NA	NA	0	NA	0	NaN	NaN	NaN
EUR/10/109285213-113568394	1	1	0	0	NA	NA	0	NA	0	1	NaN	NaN
EUR/10/113568394-116660024	0	0	NA	0	NA	NA	0	NA	0	NaN	NaN	NaN
EUR/10/116660024-120116383	1	1	0	0	NA	NA	0	NA	0	1	NaN	NaN
EUR/10/120116383-120648786	0	0	NA	0	NA	NA	0	NA	0	NaN	NaN	NaN
EUR/10/120648786-121378757	0	0	NA	0	NA	NA	0	NA	0	NaN	NaN	NaN
EUR/10/121378757-122142197	0	0	NA	0	NA	NA	0	NA	0	NaN	NaN	NaN
EUR/10/122142197-123520147	0	0	NA	0	NA	NA	0	NA	0	NaN	NaN	NaN
EUR/10/123520147-124468000	0	0	NA	0	NA	NA	0	NA	0	NaN	NaN	NaN
EUR/10/124468000-126724654	1	1	0	0	NA	NA	0	NA	0	1	NaN	NaN
EUR/10/126724654-128034839	1	1	0	0	NA	NA	0	NA	0	1	NaN	NaN
EUR/10/128034839-129669329	0	0	NA	0	NA	NA	0	NA	0	NaN	NaN	NaN
EUR/10/129669329-131202243	1	1	0	0	NA	NA	0	NA	0	1	NaN	NaN
EUR/10/131202243-132796782	0	0	NA	0	NA	NA	0	NA	0	NaN	NaN	NaN
EUR/10/132796782-133292471	0	0	NA	0	NA	NA	0	NA	0	NaN	NaN	NaN
EUR/10/133292471-133766275	0	0	NA	0	NA	NA	0	NA	0	NaN	NaN	NaN
EUR/11/128446-2028171	2	2	3540.5	2	17.5	4	3	2.5	0	2.5	5	287
EUR/11/2028171-4444924	3	3	2719	1	7	3	1	1	1	1.33333333333333	11	311
EUR/11/4444924-5228599	0	0	NA	0	NA	NA	0	NA	0	NaN	NaN	NaN
EUR/11/5228599-6898036	1	1	0	0	NA	NA	0	NA	0	1	NaN	NaN
EUR/11/6898036-8312382	0	0	NA	0	NA	NA	0	NA	0	NaN	NaN	NaN
EUR/11/8312382-9067573	1	1	0	0	NA	NA	0	NA	0	0	NaN	NaN
EUR/11/9067573-10940012	0	0	NA	0	NA	NA	0	NA	0	NaN	NaN	NaN
EUR/11/10940012-12257886	0	0	NA	0	NA	NA	0	NA	0	NaN	NaN	NaN
EUR/11/12257886-15724846	0	0	NA	0	NA	NA	0	NA	0	NaN	NaN	NaN
EUR/11/15724846-16821828	0	0	NA	0	NA	NA	0	NA	0	NaN	NaN	NaN
EUR/11/16821828-19289091	1	1	0	0	NA	NA	0	NA	0	1	NaN	NaN
EUR/11/19289091-20102503	0	0	NA	0	NA	NA	0	NA	0	NaN	NaN	NaN
EUR/11/20102503-21241625	0	0	NA	0	NA	NA	0	NA	0	NaN	NaN	NaN
EUR/11/21241625-22351850	0	0	NA	0	NA	NA	0	NA	0	NaN	NaN	NaN
EUR/11/22351850-23651499	0	0	NA	0	NA	NA	0	NA	0	NaN	NaN	NaN
EUR/11/23651499-26000335	0	0	NA	0	NA	NA	0	NA	0	NaN	NaN	NaN
EUR/11/26000335-26449131	0	0	NA	0	NA	NA	0	NA	0	NaN	NaN	NaN
EUR/11/26449131-29508700	1	1	11412	1	66	5	1	1	1	2	11	333
EUR/11/29508700-30827313	0	0	NA	0	NA	NA	0	NA	0	NaN	NaN	NaN
EUR/11/30827313-33937829	0	0	NA	0	NA	NA	0	NA	0	NaN	NaN	NaN
EUR/11/33937829-35196898	0	0	NA	0	NA	NA	0	NA	0	NaN	NaN	NaN
EUR/11/35196898-37124544	0	0	NA	0	NA	NA	0	NA	0	NaN	NaN	NaN
EUR/11/37124544-40700059	0	0	NA	0	NA	NA	0	NA	0	NaN	NaN	NaN
EUR/11/40700059-44271197	1	1	14309	1	13	4	1	2	0	4	9	133
EUR/11/44271197-46868162	0	0	NA	0	NA	NA	0	NA	0	NaN	NaN	NaN
EUR/11/46868162-54537872	1	1	6770	1	36	4	1	1	1	4	9	702
EUR/11/54537872-56199647	0	0	NA	0	NA	NA	0	NA	0	NaN	NaN	NaN
EUR/11/56199647-60340200	3	3	1584.3333333333333	1	109	18	2	3	0	1.33333333333333	21	164
EUR/11/60340200-63591911	3	3	1177.3333333333333	1	67	10	1	3	0	1	16	86
EUR/11/63591911-66158645	4	4	675.5	1	149	29	1	3	0	0.5	14	35
EUR/11/66158645-69043369	1	1	11013	1	49	8	1	2	0	3	8	60
EUR/11/69043369-70534514	2	2	0	0	NA	NA	0	NA	0	0	NaN	NaN
EUR/11/70534514-73239514	1	1	6272	1	29	10	1	1	1	3	9	300
EUR/11/73239514-76634466	2	2	2026	1	58	5	3	3	0	2	14	88
EUR/11/76634466-77086736	1	1	604	1	7	3	1	3	0	1	1	6
EUR/11/77086736-79060044	0	0	NA	0	NA	NA	0	NA	0	NaN	NaN	NaN
EUR/11/79060044-80417878	0	0	NA	0	NA	NA	0	NA	0	NaN	NaN	NaN
EUR/11/80417878-81500560	0	0	NA	0	NA	NA	0	NA	0	NaN	NaN	NaN
EUR/11/81500560-84668991	0	0	NA	0	NA	NA	0	NA	0	NaN	NaN	NaN
EUR/11/84668991-86715836	0	0	NA	0	NA	NA	0	NA	0	NaN	NaN	NaN
EUR/11/86715836-86981626	0	0	NA	0	NA	NA	0	NA	0	NaN	NaN	NaN
EUR/11/86981626-89815716	0	0	NA	0	NA	NA	0	NA	0	NaN	NaN	NaN
EUR/11/89815716-91233246	0	0	NA	0	NA	NA	0	NA	0	NaN	NaN	NaN
EUR/11/91233246-94658748	1	1	0	0	NA	NA	0	NA	0	0	NaN	NaN
EUR/11/94658748-96246170	1	1	0	0	NA	NA	0	NA	0	1	NaN	NaN
EUR/11/96246170-97187949	0	0	NA	0	NA	NA	0	NA	0	NaN	NaN	NaN
EUR/11/97187949-98834824	0	0	NA	0	NA	NA	0	NA	0	NaN	NaN	NaN
EUR/11/98834824-100545331	0	0	NA	0	NA	NA	0	NA	0	NaN	NaN	NaN
EUR/11/100545331-102520542	0	0	NA	0	NA	NA	0	NA	0	NaN	NaN	NaN
EUR/11/102520542-103963329	0	0	NA	0	NA	NA	0	NA	0	NaN	NaN	NaN
EUR/11/103963329-104558162	0	0	NA	0	NA	NA	0	NA	0	NaN	NaN	NaN
EUR/11/104558162-107179934	0	0	NA	0	NA	NA	0	NA	0	NaN	NaN	NaN
EUR/11/107179934-108041323	0	0	NA	0	NA	NA	0	NA	0	NaN	NaN	NaN
EUR/11/108041323-112588388	3	3	1842.6666666666667	1	152	19	1	4	0	1	22	1134
EUR/11/112588388-114145359	1	1	0	0	NA	NA	0	NA	0	0	NaN	NaN
EUR/11/114145359-118153413	1	1	4948	1	62	4	1	2	0	4	29	164
EUR/11/118153413-120628687	1	1	0	0	NA	NA	0	NA	0	0	NaN	NaN
EUR/11/120628687-122721021	0	0	NA	0	NA	NA	0	NA	0	NaN	NaN	NaN
EUR/11/122721021-125104692	1	1	0	0	NA	NA	0	NA	0	0	NaN	NaN
EUR/11/125104692-126441018	2	2	2595	2	2.5	0	3	1.5	0	1	2	15
EUR/11/126441018-127807979	0	0	NA	0	NA	NA	0	NA	0	NaN	NaN	NaN
EUR/11/127807979-128319256	1	1	551	1	13	6	1	2	0	1	2	8
EUR/11/128319256-129543969	2	2	724	1	30	10	1	5	0	0.5	2	73
EUR/11/129543969-130633717	0	0	NA	0	NA	NA	0	NA	0	NaN	NaN	NaN
EUR/11/130633717-132004636	0	0	NA	0	NA	NA	0	NA	0	NaN	NaN	NaN
EUR/11/132004636-134340650	0	0	NA	0	NA	NA	0	NA	0	NaN	NaN	NaN
EUR/11/134340650-135076141	0	0	NA	0	NA	NA	0	NA	0	NaN	NaN	NaN
EUR/12/10709-1525284	1	1	0	0	NA	NA	0	NA	0	0	NaN	NaN
EUR/12/1525284-2966314	0	0	NA	0	NA	NA	0	NA	0	NaN	NaN	NaN
EUR/12/2966314-4309514	2	2	3161	2	10.5	4	3	3	0	1.5	5.5	22
EUR/12/4309514-5914520	0	0	NA	0	NA	NA	0	NA	0	NaN	NaN	NaN
EUR/12/5914520-8604885	2	2	4045.5	2	14	5.5	2	2.5	0	2	6	729.6
EUR/12/8604885-9849404	0	0	NA	0	NA	NA	0	NA	0	NaN	NaN	NaN
EUR/12/9849404-12582501	0	0	NA	0	NA	NA	0	NA	0	NaN	NaN	NaN
EUR/12/12582501-14114541	0	0	NA	0	NA	NA	0	NA	0	NaN	NaN	NaN
EUR/12/14114541-17216835	0	0	NA	0	NA	NA	0	NA	0	NaN	NaN	NaN
EUR/12/17216835-18949866	1	1	0	0	NA	NA	0	NA	0	0	NaN	NaN
EUR/12/18949866-20711199	0	0	NA	0	NA	NA	0	NA	0	NaN	NaN	NaN
EUR/12/20711199-21630629	0	0	NA	0	NA	NA	0	NA	0	NaN	NaN	NaN
EUR/12/21630629-24432767	0	0	NA	0	NA	NA	0	NA	0	NaN	NaN	NaN
EUR/12/24432767-26099426	0	0	NA	0	NA	NA	0	NA	0	NaN	NaN	NaN
EUR/12/26099426-27646955	0	0	NA	0	NA	NA	0	NA	0	NaN	NaN	NaN
EUR/12/27646955-29514747	0	0	NA	0	NA	NA	0	NA	0	NaN	NaN	NaN
EUR/12/29514747-30570685	0	0	NA	0	NA	NA	0	NA	0	NaN	NaN	NaN
EUR/12/30570685-31499246	0	0	NA	0	NA	NA	0	NA	0	NaN	NaN	NaN
EUR/12/31499246-32546655	0	0	NA	0	NA	NA	0	NA	0	NaN	NaN	NaN
EUR/12/32546655-37236646	0	0	NA	0	NA	NA	0	NA	0	NaN	NaN	NaN
EUR/12/37236646-40329369	0	0	NA	0	NA	NA	0	NA	0	NaN	NaN	NaN
EUR/12/40329369-41521876	0	0	NA	0	NA	NA	0	NA	0	NaN	NaN	NaN
EUR/12/41521876-44530964	0	0	NA	0	NA	NA	0	NA	0	NaN	NaN	NaN
EUR/12/44530964-45630903	0	0	NA	0	NA	NA	0	NA	0	NaN	NaN	NaN
EUR/12/45630903-48762437	1	1	0	0	NA	NA	0	NA	0	1	NaN	NaN
EUR/12/48762437-51382710	1	1	7771	1	10	2	1	1	0	3	4	35
EUR/12/51382710-52559329	1	1	0	0	NA	NA	0	NA	0	0	NaN	NaN
EUR/12/52559329-53989716	2	2	1420.5	1	12	6	2	2	0	1	2	21
EUR/12/53989716-57143206	4	4	3767.5	2	42	7.5	3	3	1	1	11	563.166666666667
EUR/12/57143206-58578966	0	0	NA	0	NA	NA	0	NA	0	NaN	NaN	NaN
EUR/12/58578966-61529815	0	0	NA	0	NA	NA	0	NA	0	NaN	NaN	NaN
EUR/12/61529815-64125296	0	0	NA	0	NA	NA	0	NA	0	NaN	NaN	NaN
EUR/12/64125296-65977601	1	1	6260	1	5	0	1	1	1	2	3	86
EUR/12/65977601-68398491	1	1	0	0	NA	NA	0	NA	0	1	NaN	NaN
EUR/12/68398491-70565477	1	1	0	0	NA	NA	0	NA	0	1	NaN	NaN
EUR/12/70565477-72609437	0	0	NA	0	NA	NA	0	NA	0	NaN	NaN	NaN
EUR/12/72609437-76707343	1	1	0	0	NA	NA	0	NA	0	0	NaN	NaN
EUR/12/76707343-77408286	0	0	NA	0	NA	NA	0	NA	0	NaN	NaN	NaN
EUR/12/77408286-79183036	0	0	NA	0	NA	NA	0	NA	0	NaN	NaN	NaN
EUR/12/79183036-81575091	0	0	NA	0	NA	NA	0	NA	0	NaN	NaN	NaN
EUR/12/81575091-83838491	0	0	NA	0	NA	NA	0	NA	0	NaN	NaN	NaN
EUR/12/83838491-87340024	0	0	NA	0	NA	NA	0	NA	0	NaN	NaN	NaN
EUR/12/87340024-89285600	0	0	NA	0	NA	NA	0	NA	0	NaN	NaN	NaN
EUR/12/89285600-91849133	0	0	NA	0	NA	NA	0	NA	0	NaN	NaN	NaN
EUR/12/91849133-94529398	2	2	5981.5	2	29	2	3	3.5	0	2.5	12.5	293
EUR/12/94529398-95627836	0	0	NA	0	NA	NA	0	NA	0	NaN	NaN	NaN
EUR/12/95627836-98186323	0	0	NA	0	NA	NA	0	NA	0	NaN	NaN	NaN
EUR/12/98186323-99424032	0	0	NA	0	NA	NA	0	NA	0	NaN	NaN	NaN
EUR/12/99424032-103736758	0	0	NA	0	NA	NA	0	NA	0	NaN	NaN	NaN
EUR/12/103736758-105970320	2	2	1099.5	1	282	21	4	7	0	0.5	38	236
EUR/12/105970320-108876352	1	1	0	0	NA	NA	0	NA	0	0	NaN	NaN
EUR/12/108876352-112823299	5	5	3876	4	114.25	9	4	1	1	1.2	16.5	82.25
EUR/12/112823299-113743304	2	2	615	1	25	3	1	2	0	0.5	2	12
EUR/12/113743304-116319482	0	0	NA	0	NA	NA	0	NA	0	NaN	NaN	NaN
EUR/12/116319482-117427396	0	0	NA	0	NA	NA	0	NA	0	NaN	NaN	NaN
EUR/12/117427396-119088779	0	0	NA	0	NA	NA	0	NA	0	NaN	NaN	NaN
EUR/12/119088779-121376241	2	2	3700	1	3	1	1	5	0	1	8	437
EUR/12/121376241-124360734	3	3	3043	1	85	11	1	1	1	0.666666666666667	14	231
EUR/12/124360734-127025612	0	0	NA	0	NA	NA	0	NA	0	NaN	NaN	NaN
EUR/12/127025612-128325887	0	0	NA	0	NA	NA	0	NA	0	NaN	NaN	NaN
EUR/12/128325887-129894851	0	0	NA	0	NA	NA	0	NA	0	NaN	NaN	NaN
EUR/12/129894851-130929139	1	1	0	0	NA	NA	0	NA	0	0	NaN	NaN
EUR/12/130929139-132284095	0	0	NA	0	NA	NA	0	NA	0	NaN	NaN	NaN
EUR/12/132284095-133264718	2	2	0	0	NA	NA	0	NA	0	0	NaN	NaN
EUR/13/18171494-20371044	1	1	0	0	NA	NA	0	NA	0	0	NaN	NaN
EUR/13/20371044-21669277	0	0	NA	0	NA	NA	0	NA	0	NaN	NaN	NaN
EUR/13/21669277-22933765	0	0	NA	0	NA	NA	0	NA	0	NaN	NaN	NaN
EUR/13/22933765-24519844	1	1	0	0	NA	NA	0	NA	0	0	NaN	NaN
EUR/13/24519844-26711186	0	0	NA	0	NA	NA	0	NA	0	NaN	NaN	NaN
EUR/13/26711186-28124772	0	0	NA	0	NA	NA	0	NA	0	NaN	NaN	NaN
EUR/13/28124772-30052157	0	0	NA	0	NA	NA	0	NA	0	NaN	NaN	NaN
EUR/13/30052157-31986195	0	0	NA	0	NA	NA	0	NA	0	NaN	NaN	NaN
EUR/13/31986195-32979093	1	1	0	0	NA	NA	0	NA	0	0	NaN	NaN
EUR/13/32979093-34560708	0	0	NA	0	NA	NA	0	NA	0	NaN	NaN	NaN
EUR/13/34560708-35707761	0	0	NA	0	NA	NA	0	NA	0	NaN	NaN	NaN
EUR/13/35707761-37717518	1	1	0	0	NA	NA	0	NA	0	0	NaN	NaN
EUR/13/37717518-39514718	1	1	0	0	NA	NA	0	NA	0	0	NaN	NaN
EUR/13/39514718-40976519	1	1	2046	1	234	19	2	4	0	3	20	154
EUR/13/40976519-43185536	1	1	0	0	NA	NA	0	NA	0	0	NaN	NaN
EUR/13/43185536-44066179	0	0	NA	0	NA	NA	0	NA	0	NaN	NaN	NaN
EUR/13/44066179-45922605	2	2	0	0	NA	NA	0	NA	0	0	NaN	NaN
EUR/13/45922605-46753025	0	0	NA	0	NA	NA	0	NA	0	NaN	NaN	NaN
EUR/13/46753025-47880356	0	0	NA	0	NA	NA	0	NA	0	NaN	NaN	NaN
EUR/13/47880356-51150722	2	2	7730	2	76.5	14	2	2	1	2.5	24.5	178.5
EUR/13/51150722-52140828	1	1	0	0	NA	NA	0	NA	0	0	NaN	NaN
EUR/13/52140828-55028648	1	1	11794	1	18	5	1	1	1	2	6	325
EUR/13/55028648-56056257	0	0	NA	0	NA	NA	0	NA	0	NaN	NaN	NaN
EUR/13/56056257-59515420	1	1	0	0	NA	NA	0	NA	0	0	NaN	NaN
EUR/13/59515420-60693411	0	0	NA	0	NA	NA	0	NA	0	NaN	NaN	NaN
EUR/13/60693411-63397672	0	0	NA	0	NA	NA	0	NA	0	NaN	NaN	NaN
EUR/13/63397672-64959486	0	0	NA	0	NA	NA	0	NA	0	NaN	NaN	NaN
EUR/13/64959486-68064219	0	0	NA	0	NA	NA	0	NA	0	NaN	NaN	NaN
EUR/13/68064219-70151415	0	0	NA	0	NA	NA	0	NA	0	NaN	NaN	NaN
EUR/13/70151415-71923111	0	0	NA	0	NA	NA	0	NA	0	NaN	NaN	NaN
EUR/13/71923111-73379361	0	0	NA	0	NA	NA	0	NA	0	NaN	NaN	NaN
EUR/13/73379361-74949651	0	0	NA	0	NA	NA	0	NA	0	NaN	NaN	NaN
EUR/13/74949651-77460429	1	1	0	0	NA	NA	0	NA	0	0	NaN	NaN
EUR/13/77460429-78234794	0	0	NA	0	NA	NA	0	NA	0	NaN	NaN	NaN
EUR/13/78234794-80205046	0	0	NA	0	NA	NA	0	NA	0	NaN	NaN	NaN
EUR/13/80205046-83562262	0	0	NA	0	NA	NA	0	NA	0	NaN	NaN	NaN
EUR/13/83562262-87632748	0	0	NA	0	NA	NA	0	NA	0	NaN	NaN	NaN
EUR/13/87632748-91113252	1	1	0	0	NA	NA	0	NA	0	0	NaN	NaN
EUR/13/91113252-94825176	0	0	NA	0	NA	NA	0	NA	0	NaN	NaN	NaN
EUR/13/94825176-97661504	0	0	NA	0	NA	NA	0	NA	0	NaN	NaN	NaN
EUR/13/97661504-99871864	1	1	2768	1	104	9	0	3	0	4	17	100
EUR/13/99871864-101655501	1	1	3295	1	81	8	1	1	1	3	13	121
EUR/13/101655501-103177097	1	1	3253	1	37	2	7	7	0	2	5	233
EUR/13/103177097-104988814	0	0	NA	0	NA	NA	0	NA	0	NaN	NaN	NaN
EUR/13/104988814-108057284	0	0	NA	0	NA	NA	0	NA	0	NaN	NaN	NaN
EUR/13/108057284-108810278	0	0	NA	0	NA	NA	0	NA	0	NaN	NaN	NaN
EUR/13/108810278-110581699	0	0	NA	0	NA	NA	0	NA	0	NaN	NaN	NaN
EUR/13/110581699-111677479	0	0	NA	0	NA	NA	0	NA	0	NaN	NaN	NaN
EUR/13/111677479-112916848	0	0	NA	0	NA	NA	0	NA	0	NaN	NaN	NaN
EUR/13/112916848-114353285	0	0	NA	0	NA	NA	0	NA	0	NaN	NaN	NaN
EUR/14/0-20653557	1	1	0	0	NA	NA	0	NA	0	0	NaN	NaN
EUR/14/20653557-22124728	0	0	NA	0	NA	NA	0	NA	0	NaN	NaN	NaN
EUR/14/22124728-24958905	3	3	4097.666666666667	2	37	11.5	2	4.5	0	1.66666666666667	17.5	666.666666666667
EUR/14/24958905-26449198	1	1	4378	1	2	0	1	1	0	1	4	24
EUR/14/26449198-29503767	0	0	NA	0	NA	NA	0	NA	0	NaN	NaN	NaN
EUR/14/29503767-32903967	0	0	NA	0	NA	NA	0	NA	0	NaN	NaN	NaN
EUR/14/32903967-35390868	0	0	NA	0	NA	NA	0	NA	0	NaN	NaN	NaN
EUR/14/35390868-39873373	3	3	1688	1	83	19	1	2	0	1	23	168
EUR/14/39873373-41146636	0	0	NA	0	NA	NA	0	NA	0	NaN	NaN	NaN
EUR/14/41146636-44073392	0	0	NA	0	NA	NA	0	NA	0	NaN	NaN	NaN
EUR/14/44073392-46989333	1	1	0	0	NA	NA	0	NA	0	0	NaN	NaN
EUR/14/46989333-48537145	0	0	NA	0	NA	NA	0	NA	0	NaN	NaN	NaN
EUR/14/48537145-51612492	1	1	4950	1	6	2	1	1	0	2	7	31
EUR/14/51612492-53698623	0	0	NA	0	NA	NA	0	NA	0	NaN	NaN	NaN
EUR/14/53698623-56126490	2	2	1555	1	127	5	1	1	0	1	23	49
EUR/14/56126490-58981113	1	1	0	0	NA	NA	0	NA	0	0	NaN	NaN
EUR/14/58981113-60029436	0	0	NA	0	NA	NA	0	NA	0	NaN	NaN	NaN
EUR/14/60029436-62700089	1	1	10216	1	19	4	1	1	1	4	4	287
EUR/14/62700089-63870820	0	0	NA	0	NA	NA	0	NA	0	NaN	NaN	NaN
EUR/14/63870820-65238401	1	1	0	0	NA	NA	0	NA	0	0	NaN	NaN
EUR/14/65238401-67604927	0	0	NA	0	NA	NA	0	NA	0	NaN	NaN	NaN
EUR/14/67604927-69347807	1	1	0	0	NA	NA	0	NA	0	0	NaN	NaN
EUR/14/69347807-72421356	0	0	NA	0	NA	NA	0	NA	0	NaN	NaN	NaN
EUR/14/72421356-74348536	0	0	NA	0	NA	NA	0	NA	0	NaN	NaN	NaN
EUR/14/74348536-76761476	1	1	2969	1	21	9	1	2	0	2	7	53
EUR/14/76761476-78751130	0	0	NA	0	NA	NA	0	NA	0	NaN	NaN	NaN
EUR/14/78751130-79201174	0	0	NA	0	NA	NA	0	NA	0	NaN	NaN	NaN
EUR/14/79201174-81113662	1	1	7579	1	6	1	1	1	1	2	3	156
EUR/14/81113662-82075044	0	0	NA	0	NA	NA	0	NA	0	NaN	NaN	NaN
EUR/14/82075044-83623045	0	0	NA	0	NA	NA	0	NA	0	NaN	NaN	NaN
EUR/14/83623045-85101770	0	0	NA	0	NA	NA	0	NA	0	NaN	NaN	NaN
EUR/14/85101770-86869539	0	0	NA	0	NA	NA	0	NA	0	NaN	NaN	NaN
EUR/14/86869539-89032190	0	0	NA	0	NA	NA	0	NA	0	NaN	NaN	NaN
EUR/14/89032190-90720077	0	0	NA	0	NA	NA	0	NA	0	NaN	NaN	NaN
EUR/14/90720077-92917394	1	1	2793	1	14	3	1	2	0	2	4	61
EUR/14/92917394-94427413	1	1	1762	1	17	4	2	2	0	1	2	28
EUR/14/94427413-96101661	1	1	0	0	NA	NA	0	NA	0	0	NaN	NaN
EUR/14/96101661-97653974	1	1	0	0	NA	NA	0	NA	0	0	NaN	NaN
EUR/14/97653974-98672420	0	0	NA	0	NA	NA	0	NA	0	NaN	NaN	NaN
EUR/14/98672420-100895224	0	0	NA	0	NA	NA	0	NA	0	NaN	NaN	NaN
EUR/14/100895224-101699807	0	0	NA	0	NA	NA	0	NA	0	NaN	NaN	NaN
EUR/14/101699807-104158005	2	2	0	0	NA	NA	0	NA	0	0	NaN	NaN
EUR/14/104158005-105486004	1	1	0	0	NA	NA	0	NA	0	0	NaN	NaN
EUR/14/105486004-106882741	0	0	NA	0	NA	NA	0	NA	0	NaN	NaN	NaN
EUR/15/0-23850554	1	1	0	0	NA	NA	0	NA	0	0	NaN	NaN
EUR/15/23850554-26295433	0	0	NA	0	NA	NA	0	NA	0	NaN	NaN	NaN
EUR/15/26295433-29134579	2	2	0	0	NA	NA	0	NA	0	0.5	NaN	NaN
EUR/15/29134579-33236067	1	1	0	0	NA	NA	0	NA	0	0	NaN	NaN
EUR/15/33236067-35434893	0	0	NA	0	NA	NA	0	NA	0	NaN	NaN	NaN
EUR/15/35434893-35964481	0	0	NA	0	NA	NA	0	NA	0	NaN	NaN	NaN
EUR/15/35964481-37270339	0	0	NA	0	NA	NA	0	NA	0	NaN	NaN	NaN
EUR/15/37270339-38822245	0	0	NA	0	NA	NA	0	NA	0	NaN	NaN	NaN
EUR/15/38822245-39379313	0	0	NA	0	NA	NA	0	NA	0	NaN	NaN	NaN
EUR/15/39379313-44802998	2	2	0	0	NA	NA	0	NA	0	0	NaN	NaN
EUR/15/44802998-46326761	0	0	NA	0	NA	NA	0	NA	0	NaN	NaN	NaN
EUR/15/46326761-49901356	1	1	0	0	NA	NA	0	NA	0	0	NaN	NaN
EUR/15/49901356-51725148	1	1	0	0	NA	NA	0	NA	0	0	NaN	NaN
EUR/15/51725148-53874621	0	0	NA	0	NA	NA	0	NA	0	NaN	NaN	NaN
EUR/15/53874621-56033314	1	1	0	0	NA	NA	0	NA	0	0	NaN	NaN
EUR/15/56033314-57351455	0	0	NA	0	NA	NA	0	NA	0	NaN	NaN	NaN
EUR/15/57351455-59836878	1	1	4980	1	7	5	1	1	0	2	4	43
EUR/15/59836878-60916530	1	1	0	0	NA	NA	0	NA	0	0	NaN	NaN
EUR/15/60916530-62923863	0	0	NA	0	NA	NA	0	NA	0	NaN	NaN	NaN
EUR/15/62923863-63808593	0	0	NA	0	NA	NA	0	NA	0	NaN	NaN	NaN
EUR/15/63808593-67097074	0	0	NA	0	NA	NA	0	NA	0	NaN	NaN	NaN
EUR/15/67097074-68726578	2	2	3519	2	45	10	3	3.5	0	1	2.5	136.714285714286
EUR/15/68726578-71629500	1	1	0	0	NA	NA	0	NA	0	0	NaN	NaN
EUR/15/71629500-74089851	0	0	NA	0	NA	NA	0	NA	0	NaN	NaN	NaN
EUR/15/74089851-75910714	1	1	0	0	NA	NA	0	NA	0	0	NaN	NaN
EUR/15/75910714-79704552	0	0	NA	0	NA	NA	0	NA	0	NaN	NaN	NaN
EUR/15/79704552-81898534	2	2	1620	1	69	15	1	4	0	1.5	12	692
EUR/15/81898534-85800197	3	3	0	0	NA	NA	0	NA	0	0	NaN	NaN
EUR/15/85800197-87162030	0	0	NA	0	NA	NA	0	NA	0	NaN	NaN	NaN
EUR/15/87162030-88827392	0	0	NA	0	NA	NA	0	NA	0	NaN	NaN	NaN
EUR/15/88827392-90742782	1	1	0	0	NA	NA	0	NA	0	0	NaN	NaN
EUR/15/90742782-92128515	0	0	NA	0	NA	NA	0	NA	0	NaN	NaN	NaN
EUR/15/92128515-93965854	0	0	NA	0	NA	NA	0	NA	0	NaN	NaN	NaN
EUR/15/93965854-94312747	0	0	NA	0	NA	NA	0	NA	0	NaN	NaN	NaN
EUR/15/94312747-95326211	0	0	NA	0	NA	NA	0	NA	0	NaN	NaN	NaN
EUR/15/95326211-96973699	0	0	NA	0	NA	NA	0	NA	0	NaN	NaN	NaN
EUR/15/96973699-98913324	1	1	6325	1	14	4	2	5	0	3	5	639
EUR/15/98913324-100206938	0	0	NA	0	NA	NA	0	NA	0	NaN	NaN	NaN
EUR/15/100206938-101980858	2	2	0	0	NA	NA	0	NA	0	0	NaN	NaN
EUR/16/10031-1194887	2	2	0	0	NA	NA	0	NA	0	0	NaN	NaN
EUR/16/1194887-2035294	2	2	0	0	NA	NA	0	NA	0	0	NaN	NaN
EUR/16/2035294-4203991	3	3	3741.6666666666665	2	36	5	3	3	0	1	6.5	415
EUR/16/4203991-5067606	2	2	2994	2	6	1.5	1	1.5	0	1	0.5	10.3333333333333
EUR/16/5067606-6196894	0	0	NA	0	NA	NA	0	NA	0	NaN	NaN	NaN
EUR/16/6196894-7479908	0	0	NA	0	NA	NA	0	NA	0	NaN	NaN	NaN
EUR/16/7479908-8403267	0	0	NA	0	NA	NA	0	NA	0	NaN	NaN	NaN
EUR/16/8403267-10253640	1	1	0	0	NA	NA	0	NA	0	0	NaN	NaN
EUR/16/10253640-11554324	2	2	1075	1	125	20	3	5	0	0.5	8	209
EUR/16/11554324-13224694	0	0	NA	0	NA	NA	0	NA	0	NaN	NaN	NaN
EUR/16/13224694-17160447	1	1	9029	1	33	7	1	1	1	1	10	399
EUR/16/17160447-20139051	1	1	0	0	NA	NA	0	NA	0	0	NaN	NaN
EUR/16/20139051-23359789	1	1	0	0	NA	NA	0	NA	0	0	NaN	NaN
EUR/16/23359789-25584972	1	1	0	0	NA	NA	0	NA	0	0	NaN	NaN
EUR/16/25584972-27015117	0	0	NA	0	NA	NA	0	NA	0	NaN	NaN	NaN
EUR/16/27015117-33520050	5	5	4039.4	3	86.33333333333333	21.666666666666668	8	5	0	1.2	22.6666666666667	435.333333333333
EUR/16/33520050-46381684	0	0	NA	0	NA	NA	0	NA	0	NaN	NaN	NaN
EUR/16/46381684-51034025	2	2	2671.5	1	103	13	1	2	0	1.5	15	86
EUR/16/51034025-53815773	1	1	9014	1	52	8	1	1	1	4	8	276
EUR/16/53815773-55761660	1	1	0	0	NA	NA	0	NA	0	0	NaN	NaN
EUR/16/55761660-57010410	0	0	NA	0	NA	NA	0	NA	0	NaN	NaN	NaN
EUR/16/57010410-58295253	2	2	806.5	1	29	12	0	4	0	1	6	174
EUR/16/58295253-60049115	0	0	NA	0	NA	NA	0	NA	0	NaN	NaN	NaN
EUR/16/60049115-62536937	0	0	NA	0	NA	NA	0	NA	0	NaN	NaN	NaN
EUR/16/62536937-63803517	0	0	NA	0	NA	NA	0	NA	0	NaN	NaN	NaN
EUR/16/63803517-65506770	0	0	NA	0	NA	NA	0	NA	0	NaN	NaN	NaN
EUR/16/65506770-67561130	2	2	0	0	NA	NA	0	NA	0	0	NaN	NaN
EUR/16/67561130-70486376	4	4	992.5	1	210	33	1	3	0	0.25	19	36
EUR/16/70486376-74052973	2	2	0	0	NA	NA	0	NA	0	0	NaN	NaN
EUR/16/74052973-76023784	0	0	NA	0	NA	NA	0	NA	0	NaN	NaN	NaN
EUR/16/76023784-77707683	0	0	NA	0	NA	NA	0	NA	0	NaN	NaN	NaN
EUR/16/77707683-78867760	0	0	NA	0	NA	NA	0	NA	0	NaN	NaN	NaN
EUR/16/78867760-80523575	0	0	NA	0	NA	NA	0	NA	0	NaN	NaN	NaN
EUR/16/80523575-81398416	0	0	NA	0	NA	NA	0	NA	0	NaN	NaN	NaN
EUR/16/81398416-82644088	0	0	NA	0	NA	NA	0	NA	0	NaN	NaN	NaN
EUR/16/82644088-83522030	0	0	NA	0	NA	NA	0	NA	0	NaN	NaN	NaN
EUR/16/83522030-84209071	1	1	0	0	NA	NA	0	NA	0	0	NaN	NaN
EUR/16/84209071-84973419	0	0	NA	0	NA	NA	0	NA	0	NaN	NaN	NaN
EUR/16/84973419-86522303	2	2	1472.5	1	33	7	1	6	0	1	16	329
EUR/16/86522303-87613619	0	0	NA	0	NA	NA	0	NA	0	NaN	NaN	NaN
EUR/16/87613619-88487888	1	1	0	0	NA	NA	0	NA	0	0	NaN	NaN
EUR/16/88487888-90220225	2	2	1422.5	1	28	2	1	1	0	1	7	67
EUR/17/120360-797447	0	0	NA	0	NA	NA	0	NA	0	NaN	NaN	NaN
EUR/17/797447-1037030	0	0	NA	0	NA	NA	0	NA	0	NaN	NaN	NaN
EUR/17/1037030-2732380	0	0	NA	0	NA	NA	0	NA	0	NaN	NaN	NaN
EUR/17/2732380-3902554	2	2	1575	1	51	6	7	8	0	0.5	6	209
EUR/17/3902554-4500964	0	0	NA	0	NA	NA	0	NA	0	NaN	NaN	NaN
EUR/17/4500964-5834263	1	1	1927	1	70	18	3	5	0	3	6	173
EUR/17/5834263-6730775	0	0	NA	0	NA	NA	0	NA	0	NaN	NaN	NaN
EUR/17/6730775-8996563	6	6	2450.5	4	24.75	10.75	4	2.5	2	1	9.25	413.5
EUR/17/8996563-10322869	1	1	0	0	NA	NA	0	NA	0	0	NaN	NaN
EUR/17/10322869-12659834	1	1	0	0	NA	NA	0	NA	0	0	NaN	NaN
EUR/17/12659834-14396575	0	0	NA	0	NA	NA	0	NA	0	NaN	NaN	NaN
EUR/17/14396575-18423015	2	2	0	0	NA	NA	0	NA	0	0	NaN	NaN
EUR/17/18423015-21400685	1	1	0	0	NA	NA	0	NA	0	1	NaN	NaN
EUR/17/21400685-32554656	4	4	4418.75	1	68	3	1	1	0	1	29	210
EUR/17/32554656-33684959	0	0	NA	0	NA	NA	0	NA	0	NaN	NaN	NaN
EUR/17/33684959-34351819	0	0	NA	0	NA	NA	0	NA	0	NaN	NaN	NaN
EUR/17/34351819-35674782	2	2	1359	1	1	0	1	1	0	1	5	17
EUR/17/35674782-38251052	1	1	0	0	NA	NA	0	NA	0	1	NaN	NaN
EUR/17/38251052-40098239	1	1	2196	1	64	10	1	5	0	3	8	187
EUR/17/40098239-41502931	2	2	734.5	1	30	13	1	3	0	1	2	24
EUR/17/41502931-45535398	4	4	1099	1	257	40	2	4	0	1	26	799
EUR/17/45535398-49918934	2	2	1957.5	1	924	47	2	6	0	2	117	1162
EUR/17/49918934-53040813	1	1	0	0	NA	NA	0	NA	0	1	NaN	NaN
EUR/17/53040813-55272354	0	0	NA	0	NA	NA	0	NA	0	NaN	NaN	NaN
EUR/17/55272354-57530311	2	2	1483.5	1	15	3	1	2	0	1.5	4	43
EUR/17/57530311-61236665	1	1	0	0	NA	NA	0	NA	0	1	NaN	NaN
EUR/17/61236665-65107074	0	0	NA	0	NA	NA	0	NA	0	NaN	NaN	NaN
EUR/17/65107074-66806071	0	0	NA	0	NA	NA	0	NA	0	NaN	NaN	NaN
EUR/17/66806071-69532290	4	4	3715.5	3	48.666666666666664	5.666666666666667	3	1.3333333333333333	0	1.75	8.33333333333333	56.75
EUR/17/69532290-71550865	0	0	NA	0	NA	NA	0	NA	0	NaN	NaN	NaN
EUR/17/71550865-74173501	0	0	NA	0	NA	NA	0	NA	0	NaN	NaN	NaN
EUR/17/74173501-76595643	3	3	0	0	NA	NA	0	NA	0	0.333333333333333	NaN	NaN
EUR/17/76595643-77620604	0	0	NA	0	NA	NA	0	NA	0	NaN	NaN	NaN
EUR/17/77620604-79101279	1	1	0	0	NA	NA	0	NA	0	1	NaN	NaN
EUR/17/79101279-79784798	0	0	NA	0	NA	NA	0	NA	0	NaN	NaN	NaN
EUR/17/79784798-81730962	2	2	2155.5	1	4	2	1	1	0	1.5	6	42
EUR/17/81730962-83242554	2	2	0	0	NA	NA	0	NA	0	0.5	NaN	NaN
EUR/18/36427-1575200	0	0	NA	0	NA	NA	0	NA	0	NaN	NaN	NaN
EUR/18/1575200-3426140	0	0	NA	0	NA	NA	0	NA	0	NaN	NaN	NaN
EUR/18/3426140-5365539	0	0	NA	0	NA	NA	0	NA	0	NaN	NaN	NaN
EUR/18/5365539-7689008	0	0	NA	0	NA	NA	0	NA	0	NaN	NaN	NaN
EUR/18/7689008-10102919	0	0	NA	0	NA	NA	0	NA	0	NaN	NaN	NaN
EUR/18/10102919-11873935	0	0	NA	0	NA	NA	0	NA	0	NaN	NaN	NaN
EUR/18/11873935-12528622	0	0	NA	0	NA	NA	0	NA	0	NaN	NaN	NaN
EUR/18/12528622-15410468	0	0	NA	0	NA	NA	0	NA	0	NaN	NaN	NaN
EUR/18/15410468-22425453	0	0	NA	0	NA	NA	0	NA	0	NaN	NaN	NaN
EUR/18/22425453-25170857	2	2	4988	1	17	3	3	4	0	1	8	646
EUR/18/25170857-26760097	0	0	NA	0	NA	NA	0	NA	0	NaN	NaN	NaN
EUR/18/26760097-29294167	0	0	NA	0	NA	NA	0	NA	0	NaN	NaN	NaN
EUR/18/29294167-31346665	0	0	NA	0	NA	NA	0	NA	0	NaN	NaN	NaN
EUR/18/31346665-36213990	2	2	0	0	NA	NA	0	NA	0	0	NaN	NaN
EUR/18/36213990-38310793	0	0	NA	0	NA	NA	0	NA	0	NaN	NaN	NaN
EUR/18/38310793-40104430	0	0	NA	0	NA	NA	0	NA	0	NaN	NaN	NaN
EUR/18/40104430-41188652	0	0	NA	0	NA	NA	0	NA	0	NaN	NaN	NaN
EUR/18/41188652-42892159	0	0	NA	0	NA	NA	0	NA	0	NaN	NaN	NaN
EUR/18/42892159-45046071	0	0	NA	0	NA	NA	0	NA	0	NaN	NaN	NaN
EUR/18/45046071-47597190	0	0	NA	0	NA	NA	0	NA	0	NaN	NaN	NaN
EUR/18/47597190-49678025	0	0	NA	0	NA	NA	0	NA	0	NaN	NaN	NaN
EUR/18/49678025-51550680	0	0	NA	0	NA	NA	0	NA	0	NaN	NaN	NaN
EUR/18/51550680-53661224	0	0	NA	0	NA	NA	0	NA	0	NaN	NaN	NaN
EUR/18/53661224-54538240	0	0	NA	0	NA	NA	0	NA	0	NaN	NaN	NaN
EUR/18/54538240-57424268	0	0	NA	0	NA	NA	0	NA	0	NaN	NaN	NaN
EUR/18/57424268-59047676	0	0	NA	0	NA	NA	0	NA	0	NaN	NaN	NaN
EUR/18/59047676-60426196	1	1	4191	1	46	7	3	7	0	2	10	224
EUR/18/60426196-63290163	1	1	3834	1	10	3	3	3	0	3	11	97
EUR/18/63290163-64421566	1	1	1476	1	56	7	0	2	0	1	5	26
EUR/18/64421566-66586031	0	0	NA	0	NA	NA	0	NA	0	NaN	NaN	NaN
EUR/18/66586031-68522727	0	0	NA	0	NA	NA	0	NA	0	NaN	NaN	NaN
EUR/18/68522727-70377233	0	0	NA	0	NA	NA	0	NA	0	NaN	NaN	NaN
EUR/18/70377233-72293346	0	0	NA	0	NA	NA	0	NA	0	NaN	NaN	NaN
EUR/18/72293346-75157357	0	0	NA	0	NA	NA	0	NA	0	NaN	NaN	NaN
EUR/18/75157357-76580086	0	0	NA	0	NA	NA	0	NA	0	NaN	NaN	NaN
EUR/18/76580086-78023072	0	0	NA	0	NA	NA	0	NA	0	NaN	NaN	NaN
EUR/18/78023072-79390792	0	0	NA	0	NA	NA	0	NA	0	NaN	NaN	NaN
EUR/18/79390792-80262725	1	1	0	0	NA	NA	0	NA	0	1	NaN	NaN
EUR/19/90949-1346777	1	1	2061	1	55	19	2	5	0	2	5	85
EUR/19/1346777-2538142	0	0	NA	0	NA	NA	0	NA	0	NaN	NaN	NaN
EUR/19/2538142-5354751	3	3	1384	1	36	10	2	3	0	1.33333333333333	19	1331
EUR/19/5354751-6508319	1	1	0	0	NA	NA	0	NA	0	0	NaN	NaN
EUR/19/6508319-8288001	3	3	1289.6666666666667	1	2	2	1	1	0	1	5	30
EUR/19/8288001-11172307	0	0	NA	0	NA	NA	0	NA	0	NaN	NaN	NaN
EUR/19/11172307-13465825	3	3	0	0	NA	NA	0	NA	0	0.666666666666667	NaN	NaN
EUR/19/13465825-15120917	0	0	NA	0	NA	NA	0	NA	0	NaN	NaN	NaN
EUR/19/15120917-17934310	1	1	3632	1	128	26	2	6	0	4	20	1258
EUR/19/17934310-20373867	2	2	0	0	NA	NA	0	NA	0	0.5	NaN	NaN
EUR/19/20373867-21640891	0	0	NA	0	NA	NA	0	NA	0	NaN	NaN	NaN
EUR/19/21640891-23058970	0	0	NA	0	NA	NA	0	NA	0	NaN	NaN	NaN
EUR/19/23058970-28405898	1	1	0	0	NA	NA	0	NA	0	1	NaN	NaN
EUR/19/28405898-29563710	0	0	NA	0	NA	NA	0	NA	0	NaN	NaN	NaN
EUR/19/29563710-32505700	2	2	4712	1	9	4	1	4	0	2	10	687
EUR/19/32505700-33649275	0	0	NA	0	NA	NA	0	NA	0	NaN	NaN	NaN
EUR/19/33649275-35847275	1	1	0	0	NA	NA	0	NA	0	1	NaN	NaN
EUR/19/35847275-36970383	0	0	NA	0	NA	NA	0	NA	0	NaN	NaN	NaN
EUR/19/36970383-39931263	4	4	859	1	219	38	1	4	0	1	20	770
EUR/19/39931263-41195623	1	1	0	0	NA	NA	0	NA	0	1	NaN	NaN
EUR/19/41195623-42788773	4	4	538.25	1	0	0	1	1	0	0.25	2	5
EUR/19/42788773-44935906	2	2	1659.5	1	73	25	1	4	0	1.5	9	964
EUR/19/44935906-47026140	3	3	3247.6666666666665	2	63	12	3	3.5	1	1.66666666666667	6	659.142857142857
EUR/19/47026140-48198378	3	3	1074.3333333333333	1	9	5	1	5	0	0.666666666666667	1	93
EUR/19/48198378-49946958	0	0	NA	0	NA	NA	0	NA	0	NaN	NaN	NaN
EUR/19/49946958-51755743	2	2	0	0	NA	NA	0	NA	0	0.5	NaN	NaN
EUR/19/51755743-52777116	1	1	0	0	NA	NA	0	NA	0	1	NaN	NaN
EUR/19/52777116-54196103	0	0	NA	0	NA	NA	0	NA	0	NaN	NaN	NaN
EUR/19/54196103-55215821	0	0	NA	0	NA	NA	0	NA	0	NaN	NaN	NaN
EUR/19/55215821-56919549	2	2	0	0	NA	NA	0	NA	0	0	NaN	NaN
EUR/19/56919549-58607520	1	1	0	0	NA	NA	0	NA	0	1	NaN	NaN
EUR/20/61521-914324	0	0	NA	0	NA	NA	0	NA	0	NaN	NaN	NaN
EUR/20/914324-1405421	0	0	NA	0	NA	NA	0	NA	0	NaN	NaN	NaN
EUR/20/1405421-2520043	1	1	0	0	NA	NA	0	NA	0	1	NaN	NaN
EUR/20/2520043-4092088	2	2	0	0	NA	NA	0	NA	0	0.5	NaN	NaN
EUR/20/4092088-5667895	0	0	NA	0	NA	NA	0	NA	0	NaN	NaN	NaN
EUR/20/5667895-7103342	1	1	0	0	NA	NA	0	NA	0	1	NaN	NaN
EUR/20/7103342-7976930	0	0	NA	0	NA	NA	0	NA	0	NaN	NaN	NaN
EUR/20/7976930-11161335	1	1	0	0	NA	NA	0	NA	0	0	NaN	NaN
EUR/20/11161335-12467540	0	0	NA	0	NA	NA	0	NA	0	NaN	NaN	NaN
EUR/20/12467540-14353108	0	0	NA	0	NA	NA	0	NA	0	NaN	NaN	NaN
EUR/20/14353108-16077862	0	0	NA	0	NA	NA	0	NA	0	NaN	NaN	NaN
EUR/20/16077862-17470575	1	1	0	0	NA	NA	0	NA	0	1	NaN	NaN
EUR/20/17470575-19732249	1	1	0	0	NA	NA	0	NA	0	1	NaN	NaN
EUR/20/19732249-22799227	0	0	NA	0	NA	NA	0	NA	0	NaN	NaN	NaN
EUR/20/22799227-31989284	2	2	3088.5	1	35	23	1	2	0	2.5	14	195
EUR/20/31989284-38113966	3	3	6316.666666666667	1	157	28	2	6	0	1.66666666666667	25	1143
EUR/20/38113966-40828006	0	0	NA	0	NA	NA	0	NA	0	NaN	NaN	NaN
EUR/20/40828006-43215885	2	2	0	0	NA	NA	0	NA	0	0.5	NaN	NaN
EUR/20/43215885-45448756	3	3	942.6666666666666	1	16	3	1	1	0	1.33333333333333	3	40
EUR/20/45448756-48583652	1	1	0	0	NA	NA	0	NA	0	1	NaN	NaN
EUR/20/48583652-50067982	1	1	0	0	NA	NA	0	NA	0	1	NaN	NaN
EUR/20/50067982-53794844	1	1	12028	1	17	4	1	1	1	3	13	639
EUR/20/53794844-55261040	1	1	0	0	NA	NA	0	NA	0	0	NaN	NaN
EUR/20/55261040-57603872	0	0	NA	0	NA	NA	0	NA	0	NaN	NaN	NaN
EUR/20/57603872-58221472	1	1	0	0	NA	NA	0	NA	0	0	NaN	NaN
EUR/20/58221472-59360011	0	0	NA	0	NA	NA	0	NA	0	NaN	NaN	NaN
EUR/20/59360011-60535052	0	0	NA	0	NA	NA	0	NA	0	NaN	NaN	NaN
EUR/20/60535052-61519298	0	0	NA	0	NA	NA	0	NA	0	NaN	NaN	NaN
EUR/20/61519298-62837570	2	2	0	0	NA	NA	0	NA	0	0	NaN	NaN
EUR/20/62837570-64331539	2	2	0	0	NA	NA	0	NA	0	0	NaN	NaN
EUR/21/0-13987433	1	1	0	0	NA	NA	0	NA	0	1	NaN	NaN
EUR/21/13987433-15083205	0	0	NA	0	NA	NA	0	NA	0	NaN	NaN	NaN
EUR/21/15083205-17779892	0	0	NA	0	NA	NA	0	NA	0	NaN	NaN	NaN
EUR/21/17779892-19590151	0	0	NA	0	NA	NA	0	NA	0	NaN	NaN	NaN
EUR/21/19590151-21510957	0	0	NA	0	NA	NA	0	NA	0	NaN	NaN	NaN
EUR/21/21510957-24134139	0	0	NA	0	NA	NA	0	NA	0	NaN	NaN	NaN
EUR/21/24134139-24837707	0	0	NA	0	NA	NA	0	NA	0	NaN	NaN	NaN
EUR/21/24837707-27752663	0	0	NA	0	NA	NA	0	NA	0	NaN	NaN	NaN
EUR/21/27752663-29824456	1	1	0	0	NA	NA	0	NA	0	0	NaN	NaN
EUR/21/29824456-30836161	0	0	NA	0	NA	NA	0	NA	0	NaN	NaN	NaN
EUR/21/30836161-33278486	1	1	3008	1	21	4	0	3	0	3	10	60
EUR/21/33278486-34495846	1	1	0	0	NA	NA	0	NA	0	1	NaN	NaN
EUR/21/34495846-36781246	1	1	3217	1	64	8	2	9	0	4	12	878
EUR/21/36781246-39084845	0	0	NA	0	NA	NA	0	NA	0	NaN	NaN	NaN
EUR/21/39084845-40446898	1	1	0	0	NA	NA	0	NA	0	0	NaN	NaN
EUR/21/40446898-42773021	1	1	0	0	NA	NA	0	NA	0	1	NaN	NaN
EUR/21/42773021-44195140	0	0	NA	0	NA	NA	0	NA	0	NaN	NaN	NaN
EUR/21/44195140-44756538	2	2	0	0	NA	NA	0	NA	0	0	NaN	NaN
EUR/21/44756538-46073133	1	1	3824	1	3	0	2	2	0	2	8	36
EUR/21/46073133-46696121	1	1	0	0	NA	NA	0	NA	0	0	NaN	NaN
EUR/22/0-17238266	1	1	1229	1	28	7	0	3	0	1	6	34
EUR/22/17238266-19744294	1	1	0	0	NA	NA	0	NA	0	0	NaN	NaN
EUR/22/19744294-22045373	1	1	0	0	NA	NA	0	NA	0	0	NaN	NaN
EUR/22/22045373-22943803	0	0	NA	0	NA	NA	0	NA	0	NaN	NaN	NaN
EUR/22/22943803-24009620	0	0	NA	0	NA	NA	0	NA	0	NaN	NaN	NaN
EUR/22/24009620-25537151	3	3	610	1	54	12	1	1	0	0.333333333333333	4	28
EUR/22/25537151-27549880	2	2	0	0	NA	NA	0	NA	0	0	NaN	NaN
EUR/22/27549880-29034471	0	0	NA	0	NA	NA	0	NA	0	NaN	NaN	NaN
EUR/22/29034471-32439511	1	1	3974	1	130	15	1	2	0	2	24	122
EUR/22/32439511-33959775	0	0	NA	0	NA	NA	0	NA	0	NaN	NaN	NaN
EUR/22/33959775-35695831	1	1	0	0	NA	NA	0	NA	0	0	NaN	NaN
EUR/22/35695831-37164130	1	1	1904	1	21	4	3	5	0	1	4	243
EUR/22/37164130-39467726	0	0	NA	0	NA	NA	0	NA	0	NaN	NaN	NaN
EUR/22/39467726-40808319	0	0	NA	0	NA	NA	0	NA	0	NaN	NaN	NaN
EUR/22/40808319-43175707	1	1	2695	1	195	22	1	1	1	2	20	205
EUR/22/43175707-44582535	2	2	1674	1	1	1	1	1	0	1	5	25
EUR/22/44582535-46439661	1	1	6051	1	12	2	0	2	0	4	9	65
EUR/22/46439661-47543203	0	0	NA	0	NA	NA	0	NA	0	NaN	NaN	NaN
EUR/22/47543203-49357190	0	0	NA	0	NA	NA	0	NA	0	NaN	NaN	NaN
EUR/22/49357190-50799822	1	1	0	0	NA	NA	0	NA	0	1	NaN	NaN
